dataset,track,true,pred,score,category,status,total_ms,preprocess_ms,spectrum_ms,cqt_ms,fold_ms,classify_ms
giantsteps-key,1004923.LOFI.wav,C minor,f minor,0.5,fifth,ok,66.37,44.182,18.712,3.124,0.008,0.249
giantsteps-key,1007941.LOFI.wav,F minor,f minor,1.0,correct,ok,61.58,41.045,16.406,3.462,0.01,0.546
giantsteps-key,10089.LOFI.wav,D major,e minor,0.0,wrong,ok,68.61,44.994,19.127,4.06,0.022,0.278
giantsteps-key,1009960.LOFI.wav,Eb minor,f minor,0.0,wrong,ok,69.07,45.051,19.748,3.922,0.009,0.223
giantsteps-key,101069.LOFI.wav,E minor,e minor,1.0,correct,ok,39.53,21.815,14.442,2.906,0.011,0.245
giantsteps-key,1017921.LOFI.wav,B major,E major,0.5,fifth,ok,41.63,24.742,13.669,2.804,0.048,0.215
giantsteps-key,1026478.LOFI.wav,F minor,eb minor,0.0,wrong,ok,48.99,30.877,14.873,2.912,0.01,0.214
giantsteps-key,1033148.LOFI.wav,F minor,f minor,1.0,correct,ok,51.18,33.375,14.336,3.154,0.009,0.207
giantsteps-key,1034795.LOFI.wav,B minor,c# minor,0.0,wrong,ok,40.14,23.782,13.273,2.753,0.013,0.221
giantsteps-key,1037507.LOFI.wav,G major,D major,0.5,fifth,ok,38.58,22.878,12.787,2.566,0.008,0.242
giantsteps-key,1041574.LOFI.wav,Ab major,c minor,0.0,wrong,ok,39.96,23.112,13.144,3.312,0.019,0.257
giantsteps-key,1043194.LOFI.wav,Db minor,a minor,0.0,wrong,ok,42.26,25.869,13.086,2.998,0.009,0.212
giantsteps-key,1052744.LOFI.wav,G minor,a minor,0.0,wrong,ok,39.6,23.159,13.32,2.803,0.01,0.215
giantsteps-key,1056896.LOFI.wav,A minor,a minor,1.0,correct,ok,39.0,23.501,12.845,2.389,0.007,0.173
giantsteps-key,1074548.LOFI.wav,A minor,a minor,1.0,correct,ok,39.31,22.859,12.906,3.134,0.018,0.261
giantsteps-key,1075123.LOFI.wav,F minor,f minor,1.0,correct,ok,41.02,24.609,13.765,2.349,0.009,0.192
giantsteps-key,1092676.LOFI.wav,F minor,f minor,1.0,correct,ok,39.13,23.36,13.005,2.414,0.013,0.226
giantsteps-key,1103512.LOFI.wav,Bb minor,bb minor,1.0,correct,ok,40.71,24.964,13.015,2.347,0.008,0.218
giantsteps-key,1105632.LOFI.wav,C minor,c minor,1.0,correct,ok,40.19,22.214,13.921,3.661,0.038,0.242
giantsteps-key,1140027.LOFI.wav,Db minor,c minor,0.0,wrong,ok,38.75,22.093,13.901,2.481,0.008,0.176
giantsteps-key,1149778.LOFI.wav,Gb minor,f# minor,1.0,correct,ok,40.33,23.267,13.407,3.122,0.02,0.304
giantsteps-key,1161234.LOFI.wav,C major,c minor,0.2,parallel,ok,38.99,23.2,13.01,2.42,0.013,0.26
giantsteps-key,1161249.LOFI.wav,G minor,g minor,1.0,correct,ok,39.73,23.028,12.71,3.41,0.019,0.395
giantsteps-key,1164898.LOFI.wav,C major,C major,1.0,correct,ok,40.27,24.104,13.299,2.55,0.011,0.215
giantsteps-key,1178656.LOFI.wav,C minor,c minor,1.0,correct,ok,41.07,24.805,13.251,2.742,0.007,0.188
giantsteps-key,1193612.LOFI.wav,Gb minor,f# minor,1.0,correct,ok,40.42,24.413,13.314,2.407,0.01,0.178
giantsteps-key,1194720.LOFI.wav,D minor,d minor,1.0,correct,ok,39.84,23.469,12.741,3.307,0.012,0.206
giantsteps-key,1198688.LOFI.wav,D minor,d minor,1.0,correct,ok,40.17,23.777,13.241,2.868,0.014,0.19
giantsteps-key,1206025.LOFI.wav,A minor,c minor,0.0,wrong,ok,40.97,23.531,13.711,3.093,0.011,0.521
giantsteps-key,1209745.LOFI.wav,Bb major,Bb major,1.0,correct,ok,42.27,24.719,13.955,3.17,0.009,0.32
giantsteps-key,1224698.LOFI.wav,G major,G major,1.0,correct,ok,17.37,9.426,5.606,2.055,0.011,0.196
giantsteps-key,1234668.LOFI.wav,G minor,g minor,1.0,correct,ok,38.95,23.188,12.383,3.096,0.009,0.186
giantsteps-key,1234669.LOFI.wav,G minor,ab minor,0.0,wrong,ok,39.54,23.372,13.101,2.757,0.009,0.206
giantsteps-key,1234670.LOFI.wav,F minor,f minor,1.0,correct,ok,38.77,22.849,12.76,2.785,0.014,0.241
giantsteps-key,1234748.LOFI.wav,G minor,Bb major,0.3,relative,ok,39.09,23.497,12.622,2.63,0.01,0.245
giantsteps-key,1234749.LOFI.wav,Bb major,F major,0.5,fifth,ok,38.2,22.76,12.514,2.654,0.007,0.184
giantsteps-key,1234750.LOFI.wav,D minor,a minor,0.5,fifth,ok,38.54,22.72,12.68,2.844,0.007,0.197
giantsteps-key,1234751.LOFI.wav,Bb major,f minor,0.0,wrong,ok,38.25,22.424,12.879,2.58,0.013,0.247
giantsteps-key,1234752.LOFI.wav,B minor,b minor,1.0,correct,ok,39.3,23.414,12.882,2.701,0.008,0.205
giantsteps-key,1257593.LOFI.wav,B minor,f# minor,0.5,fifth,ok,39.02,22.845,13.244,2.646,0.007,0.193
giantsteps-key,1298595.LOFI.wav,F minor,f minor,1.0,correct,ok,39.53,23.6,12.926,2.679,0.009,0.225
giantsteps-key,1316308.LOFI.wav,G major,f minor,0.0,wrong,ok,38.81,22.41,13.399,2.634,0.014,0.244
giantsteps-key,1353830.LOFI.wav,D minor,d minor,1.0,correct,ok,38.74,22.887,12.816,2.758,0.007,0.188
giantsteps-key,1356281.LOFI.wav,Eb major,eb minor,0.2,parallel,ok,39.07,22.771,12.955,3.042,0.007,0.195
giantsteps-key,1389887.LOFI.wav,Ab minor,a minor,0.0,wrong,ok,38.98,23.723,12.121,2.812,0.01,0.215
giantsteps-key,1406309.LOFI.wav,B minor,b minor,1.0,correct,ok,37.96,22.4,12.62,2.633,0.013,0.207
giantsteps-key,1415239.LOFI.wav,C minor,c minor,1.0,correct,ok,38.1,22.284,12.998,2.553,0.008,0.18
giantsteps-key,1442809.LOFI.wav,Db minor,c# minor,1.0,correct,ok,21.85,11.85,7.052,2.685,0.009,0.182
giantsteps-key,1468437.LOFI.wav,B minor,f# minor,0.5,fifth,ok,39.35,22.302,13.645,3.121,0.007,0.194
giantsteps-key,1474122.LOFI.wav,Ab major,f minor,0.3,relative,ok,38.59,22.866,12.934,2.472,0.008,0.196
giantsteps-key,1486770.LOFI.wav,A minor,a minor,1.0,correct,ok,44.43,28.165,12.478,3.463,0.009,0.22
giantsteps-key,1494159.LOFI.wav,Eb minor,eb minor,1.0,correct,ok,45.37,28.522,13.457,3.102,0.017,0.187
giantsteps-key,1549964.LOFI.wav,Db minor,c# minor,1.0,correct,ok,39.41,23.755,12.429,2.885,0.014,0.223
giantsteps-key,1568217.LOFI.wav,F major,d minor,0.3,relative,ok,40.49,24.843,12.465,2.78,0.013,0.25
giantsteps-key,1574723.LOFI.wav,D minor,g minor,0.5,fifth,ok,38.79,22.921,12.536,3.021,0.009,0.209
giantsteps-key,1575015.LOFI.wav,A minor,a minor,1.0,correct,ok,39.94,23.958,12.918,2.758,0.007,0.214
giantsteps-key,1611446.LOFI.wav,Ab minor,c# minor,0.5,fifth,ok,39.63,23.823,12.497,2.994,0.012,0.217
giantsteps-key,1614715.LOFI.wav,Gb minor,f# minor,1.0,correct,ok,38.56,22.811,12.906,2.547,0.01,0.205
giantsteps-key,1626779.LOFI.wav,Bb minor,c minor,0.0,wrong,ok,38.56,22.168,12.795,3.23,0.011,0.242
giantsteps-key,1650933.LOFI.wav,Eb minor,eb minor,1.0,correct,ok,39.4,23.184,12.368,3.55,0.02,0.19
giantsteps-key,1650934.LOFI.wav,F minor,f minor,1.0,correct,ok,39.14,23.472,12.774,2.548,0.012,0.231
giantsteps-key,1652412.LOFI.wav,D minor,c minor,0.0,wrong,ok,40.2,24.621,12.359,2.916,0.007,0.21
giantsteps-key,1669939.LOFI.wav,E major,f# minor,0.0,wrong,ok,39.68,22.787,12.326,4.174,0.014,0.273
giantsteps-key,1673811.LOFI.wav,D major,d minor,0.2,parallel,ok,38.78,22.235,13.424,2.826,0.01,0.183
giantsteps-key,1678455.LOFI.wav,Gb minor,bb minor,0.0,wrong,ok,38.96,23.451,12.402,2.829,0.008,0.185
giantsteps-key,1681074.LOFI.wav,F minor,c# minor,0.0,wrong,ok,39.0,22.593,12.625,3.433,0.017,0.227
giantsteps-key,1681077.LOFI.wav,Ab minor,f minor,0.0,wrong,ok,38.25,22.077,12.963,2.887,0.01,0.211
giantsteps-key,1681085.LOFI.wav,F major,g minor,0.0,wrong,ok,39.63,23.493,13.008,2.805,0.009,0.226
giantsteps-key,1682815.LOFI.wav,C minor,c minor,1.0,correct,ok,38.77,22.929,12.195,3.288,0.013,0.239
giantsteps-key,1690921.LOFI.wav,D minor,d minor,1.0,correct,ok,38.88,22.946,12.822,2.759,0.012,0.236
giantsteps-key,1695408.LOFI.wav,A minor,a minor,1.0,correct,ok,39.18,22.97,12.613,3.202,0.018,0.234
giantsteps-key,1706844.LOFI.wav,Eb major,eb minor,0.2,parallel,ok,38.69,22.527,12.539,3.314,0.008,0.199
giantsteps-key,1725800.LOFI.wav,G minor,e minor,0.0,wrong,ok,37.98,23.013,12.329,2.364,0.008,0.187
giantsteps-key,1757071.LOFI.wav,E minor,e minor,1.0,correct,ok,43.57,26.461,12.503,4.048,0.022,0.3
giantsteps-key,1763782.LOFI.wav,Gb minor,f# minor,1.0,correct,ok,38.51,22.433,12.523,3.192,0.016,0.218
giantsteps-key,1771576.LOFI.wav,C minor,g minor,0.5,fifth,ok,37.59,22.037,13.063,2.241,0.006,0.175
giantsteps-key,1771577.LOFI.wav,G minor,g minor,1.0,correct,ok,37.82,22.277,12.758,2.498,0.007,0.189
giantsteps-key,1776378.LOFI.wav,Ab minor,f minor,0.0,wrong,ok,40.51,24.963,12.383,2.845,0.012,0.208
giantsteps-key,1781139.LOFI.wav,C minor,c minor,1.0,correct,ok,45.04,28.857,13.028,2.839,0.012,0.201
giantsteps-key,1785226.LOFI.wav,Gb minor,f# minor,1.0,correct,ok,46.12,29.053,13.476,3.314,0.007,0.184
giantsteps-key,1787061.LOFI.wav,Gb minor,f# minor,1.0,correct,ok,39.75,23.401,12.571,3.482,0.008,0.191
giantsteps-key,1792026.LOFI.wav,D minor,e minor,0.0,wrong,ok,38.93,22.94,12.722,2.886,0.015,0.253
giantsteps-key,1792100.LOFI.wav,C minor,c minor,1.0,correct,ok,38.86,23.269,12.715,2.516,0.022,0.231
giantsteps-key,1792506.LOFI.wav,D minor,d minor,1.0,correct,ok,39.41,23.814,12.275,2.997,0.011,0.216
giantsteps-key,1795653.LOFI.wav,Eb minor,eb minor,1.0,correct,ok,39.16,22.563,13.594,2.728,0.007,0.187
giantsteps-key,1796518.LOFI.wav,Db minor,c minor,0.0,wrong,ok,39.86,23.767,12.978,2.786,0.008,0.215
giantsteps-key,1803909.LOFI.wav,B minor,b minor,1.0,correct,ok,39.48,23.471,12.977,2.646,0.014,0.268
giantsteps-key,1808022.LOFI.wav,Bb minor,bb minor,1.0,correct,ok,39.49,22.827,12.78,3.362,0.029,0.377
giantsteps-key,1809174.LOFI.wav,A major,A major,1.0,correct,ok,39.43,22.634,13.723,2.791,0.007,0.19
giantsteps-key,1814469.LOFI.wav,F minor,f minor,1.0,correct,ok,39.27,23.305,12.837,2.857,0.008,0.183
giantsteps-key,1822087.LOFI.wav,B minor,f minor,0.0,wrong,ok,38.98,23.151,12.878,2.621,0.009,0.216
giantsteps-key,1822502.LOFI.wav,D minor,d minor,1.0,correct,ok,38.89,22.73,12.727,3.113,0.011,0.21
giantsteps-key,1837440.LOFI.wav,B minor,b minor,1.0,correct,ok,39.16,22.895,13.076,2.891,0.012,0.202
giantsteps-key,1850984.LOFI.wav,A minor,d minor,0.5,fifth,ok,38.67,22.912,12.525,2.87,0.014,0.225
giantsteps-key,1856889.LOFI.wav,Gb minor,d minor,0.0,wrong,ok,39.4,23.629,12.986,2.414,0.011,0.261
giantsteps-key,1864037.LOFI.wav,Db minor,c# minor,1.0,correct,ok,39.52,23.351,12.881,2.993,0.007,0.198
giantsteps-key,1880732.LOFI.wav,Eb minor,d minor,0.0,wrong,ok,38.96,22.612,13.208,2.847,0.01,0.186
giantsteps-key,1904501.LOFI.wav,C minor,d minor,0.0,wrong,ok,39.76,23.235,13.464,2.702,0.014,0.244
giantsteps-key,190477.LOFI.wav,D minor,d minor,1.0,correct,ok,39.34,23.675,12.745,2.498,0.016,0.286
giantsteps-key,191347.LOFI.wav,Eb minor,bb minor,0.5,fifth,ok,39.71,23.787,12.199,3.41,0.008,0.221
giantsteps-key,1922470.LOFI.wav,Eb minor,eb minor,1.0,correct,ok,38.91,22.859,13.252,2.527,0.007,0.186
giantsteps-key,1927655.LOFI.wav,G minor,g minor,1.0,correct,ok,39.62,23.45,13.326,2.564,0.008,0.189
giantsteps-key,1939732.LOFI.wav,Eb minor,eb minor,1.0,correct,ok,38.71,22.783,12.745,2.772,0.013,0.282
giantsteps-key,1944125.LOFI.wav,C minor,c minor,1.0,correct,ok,38.88,22.132,13.025,3.44,0.007,0.184
giantsteps-key,1948785.LOFI.wav,E minor,c# minor,0.0,wrong,ok,40.03,23.367,13.331,3.064,0.007,0.183
giantsteps-key,1949099.LOFI.wav,E minor,e minor,1.0,correct,ok,38.71,22.628,12.713,3.003,0.013,0.236
giantsteps-key,1950170.LOFI.wav,Bb minor,bb minor,1.0,correct,ok,39.24,23.73,12.786,2.438,0.007,0.197
giantsteps-key,1960032.LOFI.wav,C minor,c minor,1.0,correct,ok,39.54,23.836,12.65,2.775,0.008,0.178
giantsteps-key,1964905.LOFI.wav,A minor,f minor,0.0,wrong,ok,39.15,22.362,13.693,2.822,0.008,0.18
giantsteps-key,1970992.LOFI.wav,Ab minor,ab minor,1.0,correct,ok,39.66,23.205,13.255,2.924,0.008,0.184
giantsteps-key,1978917.LOFI.wav,D minor,c# minor,0.0,wrong,ok,39.49,23.637,12.848,2.53,0.018,0.241
giantsteps-key,1981501.LOFI.wav,A minor,a minor,1.0,correct,ok,39.35,22.731,12.674,3.643,0.009,0.193
giantsteps-key,1982269.LOFI.wav,A minor,d minor,0.5,fifth,ok,39.02,22.384,13.481,2.776,0.008,0.275
giantsteps-key,1983975.LOFI.wav,Gb minor,f# minor,1.0,correct,ok,39.4,23.167,13.047,2.912,0.009,0.183
giantsteps-key,1984204.LOFI.wav,F minor,f minor,1.0,correct,ok,39.05,23.48,12.7,2.597,0.007,0.178
giantsteps-key,1986370.LOFI.wav,Eb minor,eb minor,1.0,correct,ok,39.12,23.189,12.557,3.096,0.008,0.182
giantsteps-key,1990297.LOFI.wav,A minor,d minor,0.5,fifth,ok,39.31,22.985,13.31,2.706,0.009,0.206
giantsteps-key,1991458.LOFI.wav,B minor,b minor,1.0,correct,ok,38.79,22.741,12.672,3.003,0.013,0.255
giantsteps-key,2006103.LOFI.wav,Db minor,ab minor,0.5,fifth,ok,39.45,23.746,12.876,2.471,0.01,0.246
giantsteps-key,2007977.LOFI.wav,Db minor,ab minor,0.5,fifth,ok,39.09,23.186,12.459,3.138,0.008,0.197
giantsteps-key,2014445.LOFI.wav,Eb minor,eb minor,1.0,correct,ok,39.49,23.324,13.145,2.728,0.008,0.191
giantsteps-key,2018991.LOFI.wav,C minor,c minor,1.0,correct,ok,39.48,23.841,12.579,2.772,0.008,0.182
giantsteps-key,2024026.LOFI.wav,G major,G major,1.0,correct,ok,39.08,23.578,12.703,2.425,0.012,0.256
giantsteps-key,2025670.LOFI.wav,C minor,f minor,0.5,fifth,ok,39.58,23.224,12.749,3.28,0.014,0.197
giantsteps-key,2026524.LOFI.wav,Eb minor,eb minor,1.0,correct,ok,39.35,22.697,12.945,3.393,0.01,0.196
giantsteps-key,2029598.LOFI.wav,E minor,e minor,1.0,correct,ok,39.06,23.446,12.502,2.799,0.008,0.206
giantsteps-key,2031094.LOFI.wav,A minor,a minor,1.0,correct,ok,39.31,23.572,12.918,2.44,0.013,0.256
giantsteps-key,2031096.LOFI.wav,A minor,a minor,1.0,correct,ok,39.19,22.779,13.001,3.098,0.011,0.199
giantsteps-key,203493.LOFI.wav,G minor,g minor,1.0,correct,ok,39.99,22.841,14.18,2.681,0.011,0.194
giantsteps-key,2046342.LOFI.wav,E minor,bb minor,0.0,wrong,ok,40.47,24.119,13.248,2.733,0.014,0.252
giantsteps-key,2047796.LOFI.wav,D minor,d minor,1.0,correct,ok,40.78,24.662,13.14,2.653,0.01,0.218
giantsteps-key,2048054.LOFI.wav,C minor,c minor,1.0,correct,ok,41.14,24.199,13.363,3.207,0.016,0.23
giantsteps-key,2048940.LOFI.wav,G minor,g minor,1.0,correct,ok,39.99,22.935,14.097,2.662,0.008,0.188
giantsteps-key,2049680.LOFI.wav,F minor,f minor,1.0,correct,ok,39.18,23.563,12.555,2.717,0.012,0.228
giantsteps-key,2051166.LOFI.wav,E minor,e minor,1.0,correct,ok,38.94,23.247,12.562,2.815,0.008,0.209
giantsteps-key,2052966.LOFI.wav,Bb minor,c minor,0.0,wrong,ok,38.83,22.742,13.093,2.721,0.008,0.183
giantsteps-key,2053495.LOFI.wav,B minor,f# minor,0.5,fifth,ok,38.77,22.743,12.948,2.788,0.007,0.207
giantsteps-key,2054968.LOFI.wav,C major,c minor,0.2,parallel,ok,39.25,22.762,12.545,3.61,0.009,0.205
giantsteps-key,205597.LOFI.wav,G minor,g minor,1.0,correct,ok,38.55,23.098,12.786,2.36,0.008,0.213
giantsteps-key,2059625.LOFI.wav,Gb minor,f minor,0.0,wrong,ok,38.69,22.214,13.078,3.103,0.01,0.193
giantsteps-key,2069519.LOFI.wav,F minor,f minor,1.0,correct,ok,39.38,22.738,13.608,2.681,0.012,0.233
giantsteps-key,2070773.LOFI.wav,A minor,a minor,1.0,correct,ok,40.67,24.009,13.762,2.615,0.008,0.188
giantsteps-key,2075331.LOFI.wav,G minor,g minor,1.0,correct,ok,39.23,23.46,12.984,2.51,0.008,0.182
giantsteps-key,208158.LOFI.wav,E minor,D major,0.0,wrong,ok,40.49,23.431,12.732,4.053,0.011,0.181
giantsteps-key,2081732.LOFI.wav,E minor,f minor,0.0,wrong,ok,40.52,23.847,13.437,2.935,0.008,0.199
giantsteps-key,209206.LOFI.wav,G major,a minor,0.0,wrong,ok,39.25,23.35,12.832,2.748,0.008,0.218
giantsteps-key,2434664.LOFI.wav,C major,C major,1.0,correct,ok,40.62,24.828,12.736,2.76,0.007,0.194
giantsteps-key,2435861.LOFI.wav,C minor,d minor,0.0,wrong,ok,39.67,23.554,12.614,3.22,0.007,0.195
giantsteps-key,2436276.LOFI.wav,A minor,a minor,1.0,correct,ok,39.87,22.92,14.268,2.391,0.008,0.19
giantsteps-key,2436729.LOFI.wav,C minor,c minor,1.0,correct,ok,38.6,23.066,12.094,3.132,0.007,0.206
giantsteps-key,2438899.LOFI.wav,Bb minor,bb minor,1.0,correct,ok,40.26,23.651,13.573,2.683,0.012,0.221
giantsteps-key,2440193.LOFI.wav,A minor,a minor,1.0,correct,ok,39.2,22.497,13.449,2.947,0.008,0.19
giantsteps-key,2447748.LOFI.wav,Ab minor,c# minor,0.5,fifth,ok,39.38,22.791,13.694,2.584,0.013,0.2
giantsteps-key,2448121.LOFI.wav,F minor,f minor,1.0,correct,ok,40.89,24.791,13.256,2.532,0.009,0.215
giantsteps-key,2666332.LOFI.wav,A major,f# minor,0.3,relative,ok,38.09,22.663,12.703,2.422,0.007,0.208
giantsteps-key,2666528.LOFI.wav,Db minor,c# minor,1.0,correct,ok,39.84,22.767,13.398,3.371,0.007,0.204
giantsteps-key,2667501.LOFI.wav,B minor,e minor,0.5,fifth,ok,39.31,22.885,13.103,3.026,0.008,0.187
giantsteps-key,2673157.LOFI.wav,B minor,b minor,1.0,correct,ok,39.52,23.405,12.427,3.4,0.008,0.195
giantsteps-key,2673251.LOFI.wav,Eb minor,eb minor,1.0,correct,ok,40.49,24.809,12.911,2.423,0.009,0.239
giantsteps-key,2673252.LOFI.wav,C minor,c minor,1.0,correct,ok,39.57,23.074,12.874,3.314,0.01,0.19
giantsteps-key,2673254.LOFI.wav,D minor,e minor,0.0,wrong,ok,39.12,22.61,13.429,2.794,0.007,0.194
giantsteps-key,2676506.LOFI.wav,C minor,f minor,0.5,fifth,ok,38.47,22.93,12.77,2.436,0.01,0.227
giantsteps-key,2680040.LOFI.wav,A minor,a minor,1.0,correct,ok,40.43,24.01,13.14,2.967,0.009,0.185
giantsteps-key,2725284.LOFI.wav,G minor,ab minor,0.0,wrong,ok,39.52,23.264,12.703,3.259,0.007,0.203
giantsteps-key,2725286.LOFI.wav,G minor,g minor,1.0,correct,ok,39.52,23.483,13.173,2.562,0.007,0.207
giantsteps-key,2725289.LOFI.wav,E minor,e minor,1.0,correct,ok,38.21,22.966,12.31,2.571,0.009,0.257
giantsteps-key,2725290.LOFI.wav,G minor,f# minor,0.0,wrong,ok,38.55,22.34,12.597,3.22,0.013,0.262
giantsteps-key,272788.LOFI.wav,Bb major,bb minor,0.2,parallel,ok,38.57,22.543,13.139,2.592,0.011,0.195
giantsteps-key,2741219.LOFI.wav,A minor,a minor,1.0,correct,ok,38.96,22.823,13.113,2.712,0.011,0.215
giantsteps-key,2760321.LOFI.wav,C major,f minor,0.0,wrong,ok,38.48,23.045,12.223,2.82,0.008,0.285
giantsteps-key,2996293.LOFI.wav,D major,e minor,0.0,wrong,ok,38.8,22.658,13.028,2.751,0.014,0.232
giantsteps-key,3003894.LOFI.wav,C minor,c minor,1.0,correct,ok,38.73,22.665,13.093,2.693,0.007,0.184
giantsteps-key,3005030.LOFI.wav,E minor,e minor,1.0,correct,ok,38.88,22.711,13.368,2.535,0.007,0.176
giantsteps-key,3014118.LOFI.wav,E minor,e minor,1.0,correct,ok,38.72,22.914,12.691,2.824,0.007,0.204
giantsteps-key,3015217.LOFI.wav,F minor,c minor,0.5,fifth,ok,39.52,22.596,13.46,3.125,0.01,0.214
giantsteps-key,3024384.LOFI.wav,A minor,e minor,0.5,fifth,ok,39.58,23.085,13.322,2.906,0.008,0.175
giantsteps-key,3033991.LOFI.wav,C minor,c minor,1.0,correct,ok,38.51,22.739,12.641,2.845,0.008,0.184
giantsteps-key,305771.LOFI.wav,C minor,c minor,1.0,correct,ok,39.34,23.05,13.288,2.703,0.009,0.206
giantsteps-key,3069201.LOFI.wav,C major,C major,1.0,correct,ok,38.82,22.56,12.713,3.089,0.01,0.335
giantsteps-key,3070298.LOFI.wav,D minor,d minor,1.0,correct,ok,39.62,23.485,13.092,2.754,0.008,0.185
giantsteps-key,3076768.LOFI.wav,A major,a minor,0.2,parallel,ok,40.2,23.185,13.823,2.794,0.008,0.256
giantsteps-key,3093661.LOFI.wav,G minor,g minor,1.0,correct,ok,40.55,23.511,12.819,3.855,0.011,0.234
giantsteps-key,3095708.LOFI.wav,G minor,g minor,1.0,correct,ok,39.27,22.981,13.172,2.775,0.013,0.212
giantsteps-key,3114501.LOFI.wav,Bb minor,f minor,0.5,fifth,ok,38.53,22.294,13.196,2.717,0.009,0.206
giantsteps-key,3116329.LOFI.wav,G minor,g minor,1.0,correct,ok,40.34,24.488,13.144,2.423,0.008,0.193
giantsteps-key,3129757.LOFI.wav,Db minor,f# minor,0.5,fifth,ok,39.19,23.005,12.622,3.265,0.009,0.19
giantsteps-key,3133794.LOFI.wav,Ab minor,ab minor,1.0,correct,ok,37.94,22.194,13.007,2.466,0.007,0.175
giantsteps-key,3137686.LOFI.wav,A minor,a minor,1.0,correct,ok,40.09,23.165,13.725,2.875,0.007,0.224
giantsteps-key,3150078.LOFI.wav,D major,f# minor,0.0,wrong,ok,38.97,22.788,12.939,2.945,0.007,0.199
giantsteps-key,3151513.LOFI.wav,D minor,f minor,0.0,wrong,ok,40.64,24.979,12.713,2.57,0.007,0.281
giantsteps-key,3165770.LOFI.wav,E minor,b minor,0.5,fifth,ok,39.94,23.82,13.229,2.591,0.01,0.206
giantsteps-key,3172588.LOFI.wav,B minor,c# minor,0.0,wrong,ok,39.34,22.246,13.647,3.159,0.008,0.196
giantsteps-key,3178147.LOFI.wav,A minor,c# minor,0.0,wrong,ok,40.07,23.54,13.792,2.438,0.01,0.211
giantsteps-key,3178155.LOFI.wav,A minor,f minor,0.0,wrong,ok,38.52,23.175,12.099,2.908,0.015,0.225
giantsteps-key,3186615.LOFI.wav,F minor,f minor,1.0,correct,ok,40.32,24.425,13.13,2.484,0.008,0.187
giantsteps-key,3211603.LOFI.wav,C minor,c minor,1.0,correct,ok,41.57,23.716,14.113,3.421,0.01,0.202
giantsteps-key,3211733.LOFI.wav,D minor,f minor,0.0,wrong,ok,39.12,23.465,12.696,2.686,0.007,0.176
giantsteps-key,3228297.LOFI.wav,B minor,b minor,1.0,correct,ok,41.08,22.966,14.738,2.91,0.01,0.371
giantsteps-key,3228649.LOFI.wav,Ab minor,ab minor,1.0,correct,ok,40.18,23.257,13.442,3.203,0.008,0.186
giantsteps-key,3228698.LOFI.wav,E minor,e minor,1.0,correct,ok,41.06,22.938,14.505,3.282,0.013,0.221
giantsteps-key,3229038.LOFI.wav,Eb major,c minor,0.3,relative,ok,40.32,23.322,13.59,3.109,0.008,0.198
giantsteps-key,3232851.LOFI.wav,A minor,a minor,1.0,correct,ok,40.54,23.266,14.211,2.777,0.007,0.199
giantsteps-key,3233653.LOFI.wav,F major,g minor,0.0,wrong,ok,39.41,23.457,13.183,2.487,0.008,0.183
giantsteps-key,3246151.LOFI.wav,Bb minor,bb minor,1.0,correct,ok,38.5,22.673,12.603,2.83,0.007,0.299
giantsteps-key,3249708.LOFI.wav,F minor,f minor,1.0,correct,ok,39.67,23.06,13.69,2.643,0.008,0.19
giantsteps-key,3250632.LOFI.wav,F minor,bb minor,0.5,fifth,ok,41.16,25.081,13.258,2.534,0.008,0.193
giantsteps-key,3257231.LOFI.wav,E minor,G major,0.3,relative,ok,40.75,25.1,12.871,2.436,0.01,0.225
giantsteps-key,3260121.LOFI.wav,Ab minor,ab minor,1.0,correct,ok,39.36,23.077,12.511,3.382,0.014,0.235
giantsteps-key,3262951.LOFI.wav,C minor,c minor,1.0,correct,ok,39.97,22.893,13.216,3.512,0.012,0.227
giantsteps-key,3270413.LOFI.wav,A minor,a minor,1.0,correct,ok,38.54,23.152,12.162,2.54,0.02,0.473
giantsteps-key,3271514.LOFI.wav,A minor,a minor,1.0,correct,ok,41.71,25.648,12.81,2.926,0.008,0.227
giantsteps-key,3272873.LOFI.wav,B minor,b minor,1.0,correct,ok,39.89,24.451,12.233,2.881,0.009,0.191
giantsteps-key,3274260.LOFI.wav,D minor,d minor,1.0,correct,ok,39.1,22.679,13.319,2.821,0.008,0.179
giantsteps-key,3275147.LOFI.wav,F minor,f minor,1.0,correct,ok,38.88,23.993,12.128,2.435,0.009,0.218
giantsteps-key,3284384.LOFI.wav,A minor,ab minor,0.0,wrong,ok,38.71,22.706,12.832,2.804,0.013,0.241
giantsteps-key,3288636.LOFI.wav,A minor,a minor,1.0,correct,ok,39.48,23.521,12.388,3.292,0.011,0.189
giantsteps-key,3298344.LOFI.wav,F minor,f minor,1.0,correct,ok,39.73,23.421,13.25,2.766,0.007,0.202
giantsteps-key,3302298.LOFI.wav,C minor,c minor,1.0,correct,ok,38.43,23.028,12.404,2.653,0.017,0.23
giantsteps-key,3302451.LOFI.wav,B minor,b minor,1.0,correct,ok,38.35,22.837,12.389,2.763,0.016,0.233
giantsteps-key,3313070.LOFI.wav,B minor,b minor,1.0,correct,ok,38.22,22.387,12.646,2.91,0.007,0.188
giantsteps-key,3313145.LOFI.wav,E major,c# minor,0.3,relative,ok,39.05,22.85,13.462,2.457,0.008,0.185
giantsteps-key,3317232.LOFI.wav,C minor,g minor,0.5,fifth,ok,38.37,22.569,12.326,2.843,0.012,0.445
giantsteps-key,3317417.LOFI.wav,G minor,c minor,0.5,fifth,ok,38.06,22.404,12.78,2.494,0.01,0.253
giantsteps-key,3319290.LOFI.wav,F major,f minor,0.2,parallel,ok,38.5,22.528,12.906,2.787,0.007,0.186
giantsteps-key,3319589.LOFI.wav,Gb minor,e minor,0.0,wrong,ok,38.62,22.71,12.482,3.139,0.009,0.184
giantsteps-key,3324024.LOFI.wav,Ab minor,ab minor,1.0,correct,ok,40.99,22.229,13.661,4.81,0.008,0.184
giantsteps-key,3334441.LOFI.wav,G minor,g minor,1.0,correct,ok,38.65,23.723,12.231,2.415,0.007,0.188
giantsteps-key,3334471.LOFI.wav,Gb minor,c# minor,0.5,fifth,ok,40.87,24.482,12.166,3.855,0.012,0.256
giantsteps-key,3338963.LOFI.wav,G minor,g minor,1.0,correct,ok,39.21,23.722,12.929,2.301,0.007,0.177
giantsteps-key,3339291.LOFI.wav,G minor,g minor,1.0,correct,ok,45.88,27.04,15.163,3.36,0.009,0.217
giantsteps-key,3344291.LOFI.wav,D minor,c minor,0.0,wrong,ok,42.38,25.506,13.388,3.216,0.006,0.181
giantsteps-key,3345479.LOFI.wav,D minor,a minor,0.5,fifth,ok,37.25,21.711,12.68,2.594,0.007,0.173
giantsteps-key,3349486.LOFI.wav,F minor,f minor,1.0,correct,ok,37.2,22.209,11.604,3.029,0.024,0.23
giantsteps-key,3349967.LOFI.wav,Eb minor,eb minor,1.0,correct,ok,46.69,30.378,12.807,3.162,0.007,0.247
giantsteps-key,3354212.LOFI.wav,Gb major,bb minor,0.0,wrong,ok,46.22,29.517,12.895,3.39,0.014,0.231
giantsteps-key,3356535.LOFI.wav,F minor,a minor,0.0,wrong,ok,47.04,31.257,12.837,2.668,0.008,0.184
giantsteps-key,3361547.LOFI.wav,G minor,g minor,1.0,correct,ok,39.72,24.733,12.674,2.072,0.006,0.168
giantsteps-key,3361909.LOFI.wav,Eb major,eb minor,0.2,parallel,ok,41.23,25.666,12.729,2.56,0.008,0.18
giantsteps-key,3363196.LOFI.wav,E minor,e minor,1.0,correct,ok,44.3,28.389,13.157,2.471,0.009,0.195
giantsteps-key,3363602.LOFI.wav,B minor,d minor,0.0,wrong,ok,49.49,33.902,12.281,3.008,0.007,0.191
giantsteps-key,3364661.LOFI.wav,A major,c# minor,0.0,wrong,ok,48.85,32.77,13.123,2.64,0.009,0.224
giantsteps-key,3367551.LOFI.wav,Db minor,E major,0.3,relative,ok,39.44,23.353,13.218,2.567,0.007,0.201
giantsteps-key,3367553.LOFI.wav,Db minor,E major,0.3,relative,ok,42.6,27.636,12.21,2.48,0.007,0.185
giantsteps-key,3367555.LOFI.wav,Eb minor,Eb major,0.2,parallel,ok,40.78,24.934,12.801,2.727,0.01,0.209
giantsteps-key,3368117.LOFI.wav,E minor,c# minor,0.0,wrong,ok,41.09,25.056,12.78,2.907,0.007,0.259
giantsteps-key,3372108.LOFI.wav,Eb minor,eb minor,1.0,correct,ok,38.49,23.123,12.457,2.566,0.009,0.227
giantsteps-key,3377323.LOFI.wav,F minor,f minor,1.0,correct,ok,37.97,22.232,12.803,2.622,0.009,0.204
giantsteps-key,3379400.LOFI.wav,C minor,eb minor,0.0,wrong,ok,38.02,22.401,12.419,2.667,0.009,0.406
giantsteps-key,3383171.LOFI.wav,A minor,a minor,1.0,correct,ok,41.27,25.205,13.245,2.54,0.008,0.181
giantsteps-key,3387619.LOFI.wav,A minor,a minor,1.0,correct,ok,38.72,23.354,12.501,2.532,0.01,0.221
giantsteps-key,3389317.LOFI.wav,A minor,e minor,0.5,fifth,ok,38.7,22.921,12.994,2.51,0.006,0.185
giantsteps-key,3390952.LOFI.wav,C minor,f minor,0.5,fifth,ok,38.77,22.839,12.929,2.688,0.013,0.198
giantsteps-key,3395666.LOFI.wav,Gb minor,f# minor,1.0,correct,ok,38.46,22.338,13.386,2.443,0.009,0.194
giantsteps-key,3397932.LOFI.wav,B minor,d minor,0.0,wrong,ok,39.67,24.72,12.181,2.428,0.011,0.23
giantsteps-key,3400782.LOFI.wav,F minor,f# minor,0.0,wrong,ok,40.32,24.088,12.88,2.986,0.015,0.24
giantsteps-key,3402886.LOFI.wav,Gb major,f# minor,0.2,parallel,ok,38.78,22.727,13.047,2.713,0.008,0.19
giantsteps-key,3402887.LOFI.wav,F minor,f minor,1.0,correct,ok,39.36,22.795,12.788,3.439,0.013,0.219
giantsteps-key,3402888.LOFI.wav,D minor,d minor,1.0,correct,ok,39.34,23.966,12.669,2.399,0.007,0.204
giantsteps-key,3409548.LOFI.wav,Eb minor,eb minor,1.0,correct,ok,39.7,23.941,12.379,3.085,0.009,0.194
giantsteps-key,3415063.LOFI.wav,G minor,g minor,1.0,correct,ok,39.68,23.542,12.452,3.342,0.011,0.215
giantsteps-key,3415421.LOFI.wav,E minor,e minor,1.0,correct,ok,39.58,22.473,14.326,2.48,0.01,0.19
giantsteps-key,341832.LOFI.wav,G major,e minor,0.3,relative,ok,39.41,23.257,13.327,2.517,0.008,0.208
giantsteps-key,3424038.LOFI.wav,Db minor,f# minor,0.5,fifth,ok,26.91,15.353,8.826,2.36,0.013,0.262
giantsteps-key,3426022.LOFI.wav,D minor,d minor,1.0,correct,ok,39.33,23.271,12.731,3.054,0.009,0.182
giantsteps-key,3426285.LOFI.wav,Eb minor,eb minor,1.0,correct,ok,39.02,22.978,13.242,2.524,0.007,0.176
giantsteps-key,3428673.LOFI.wav,C minor,c minor,1.0,correct,ok,38.46,22.951,12.137,3.075,0.009,0.202
giantsteps-key,3432247.LOFI.wav,E minor,e minor,1.0,correct,ok,40.02,23.648,13.073,3.015,0.007,0.193
giantsteps-key,3434746.LOFI.wav,A minor,a minor,1.0,correct,ok,40.64,24.78,13.032,2.5,0.014,0.22
giantsteps-key,3443052.LOFI.wav,Bb minor,bb minor,1.0,correct,ok,39.92,24.517,12.68,2.451,0.008,0.182
giantsteps-key,3450181.LOFI.wav,C minor,c minor,1.0,correct,ok,39.97,24.082,12.502,3.025,0.012,0.233
giantsteps-key,3467773.LOFI.wav,Bb minor,Db major,0.3,relative,ok,38.82,22.995,12.805,2.756,0.007,0.174
giantsteps-key,3478184.LOFI.wav,Eb minor,eb minor,1.0,correct,ok,38.28,22.847,12.499,2.64,0.011,0.194
giantsteps-key,3479363.LOFI.wav,Eb minor,eb minor,1.0,correct,ok,38.54,22.312,13.441,2.47,0.008,0.216
giantsteps-key,3480108.LOFI.wav,Gb minor,f# minor,1.0,correct,ok,38.59,22.65,12.994,2.572,0.011,0.262
giantsteps-key,3482733.LOFI.wav,G minor,g minor,1.0,correct,ok,38.6,22.804,12.958,2.542,0.01,0.186
giantsteps-key,3516363.LOFI.wav,G minor,c minor,0.5,fifth,ok,38.08,22.827,12.471,2.513,0.007,0.179
giantsteps-key,3517044.LOFI.wav,F minor,f minor,1.0,correct,ok,38.21,22.446,12.912,2.529,0.008,0.226
giantsteps-key,3518768.LOFI.wav,Eb major,c minor,0.3,relative,ok,39.04,23.196,12.794,2.739,0.008,0.204
giantsteps-key,3518921.LOFI.wav,B minor,b minor,1.0,correct,ok,38.53,23.116,12.568,2.55,0.009,0.201
giantsteps-key,3519499.LOFI.wav,G minor,ab minor,0.0,wrong,ok,38.54,22.832,12.645,2.745,0.011,0.216
giantsteps-key,3523229.LOFI.wav,A minor,f# minor,0.0,wrong,ok,38.71,22.308,13.36,2.685,0.007,0.227
giantsteps-key,3524408.LOFI.wav,Gb minor,f# minor,1.0,correct,ok,39.17,23.003,12.878,2.988,0.009,0.195
giantsteps-key,3526370.LOFI.wav,G minor,g minor,1.0,correct,ok,38.78,23.311,12.718,2.474,0.007,0.184
giantsteps-key,3533310.LOFI.wav,B major,B major,1.0,correct,ok,39.06,23.034,12.51,3.193,0.012,0.218
giantsteps-key,3533740.LOFI.wav,B minor,f# minor,0.5,fifth,ok,38.48,22.507,13.345,2.317,0.01,0.209
giantsteps-key,3533956.LOFI.wav,G minor,c minor,0.5,fifth,ok,39.6,23.234,13.395,2.664,0.01,0.215
giantsteps-key,3535112.LOFI.wav,Bb minor,eb minor,0.5,fifth,ok,39.0,23.381,12.806,2.499,0.007,0.224
giantsteps-key,3542099.LOFI.wav,F minor,f minor,1.0,correct,ok,39.39,22.766,13.063,3.231,0.011,0.218
giantsteps-key,3545728.LOFI.wav,F minor,f minor,1.0,correct,ok,38.88,22.69,13.566,2.349,0.007,0.181
giantsteps-key,3561744.LOFI.wav,G minor,f minor,0.0,wrong,ok,38.79,23.311,12.861,2.312,0.007,0.204
giantsteps-key,3568438.LOFI.wav,Ab major,Ab major,1.0,correct,ok,41.49,24.815,13.941,2.429,0.011,0.19
giantsteps-key,3568459.LOFI.wav,G major,b minor,0.0,wrong,ok,38.6,22.803,12.641,2.748,0.015,0.27
giantsteps-key,3568465.LOFI.wav,A minor,d minor,0.5,fifth,ok,39.87,23.146,13.981,2.435,0.015,0.203
giantsteps-key,3571314.LOFI.wav,Db minor,c# minor,1.0,correct,ok,39.39,23.132,13.517,2.42,0.008,0.2
giantsteps-key,3572701.LOFI.wav,F minor,f minor,1.0,correct,ok,40.47,24.141,13.523,2.511,0.007,0.201
giantsteps-key,3572702.LOFI.wav,E minor,e minor,1.0,correct,ok,39.42,22.653,13.545,2.811,0.022,0.266
giantsteps-key,3574815.LOFI.wav,A minor,a minor,1.0,correct,ok,39.19,22.651,13.876,2.365,0.008,0.206
giantsteps-key,3589347.LOFI.wav,C minor,c minor,1.0,correct,ok,41.16,23.89,13.832,2.911,0.022,0.281
giantsteps-key,3590070.LOFI.wav,Gb minor,f# minor,1.0,correct,ok,40.77,23.247,14.061,3.158,0.008,0.204
giantsteps-key,3596904.LOFI.wav,A major,f# minor,0.3,relative,ok,41.29,22.996,14.599,3.361,0.012,0.225
giantsteps-key,3602280.LOFI.wav,G minor,f minor,0.0,wrong,ok,39.72,23.232,13.456,2.753,0.007,0.193
giantsteps-key,3602282.LOFI.wav,E minor,c minor,0.0,wrong,ok,40.56,24.235,13.263,2.756,0.008,0.2
giantsteps-key,3625299.LOFI.wav,G minor,g minor,1.0,correct,ok,39.43,23.429,13.364,2.362,0.009,0.181
giantsteps-key,3625787.LOFI.wav,C minor,c minor,1.0,correct,ok,40.47,23.455,13.363,3.257,0.016,0.242
giantsteps-key,3625788.LOFI.wav,G minor,g minor,1.0,correct,ok,41.8,24.781,14.322,2.367,0.008,0.234
giantsteps-key,3628628.LOFI.wav,B major,e minor,0.0,wrong,ok,39.72,23.726,13.334,2.374,0.008,0.201
giantsteps-key,3629467.LOFI.wav,Db minor,c# minor,1.0,correct,ok,39.34,23.618,13.017,2.408,0.007,0.206
giantsteps-key,3629920.LOFI.wav,G minor,g minor,1.0,correct,ok,42.25,22.833,16.413,2.668,0.008,0.197
giantsteps-key,3633852.LOFI.wav,B minor,b minor,1.0,correct,ok,38.96,23.308,12.994,2.39,0.007,0.18
giantsteps-key,3638836.LOFI.wav,F major,f minor,0.2,parallel,ok,38.61,23.47,12.107,2.673,0.011,0.245
giantsteps-key,3641166.LOFI.wav,E minor,e minor,1.0,correct,ok,38.94,22.099,13.729,2.819,0.007,0.199
giantsteps-key,3642384.LOFI.wav,Eb minor,eb minor,1.0,correct,ok,39.21,22.772,12.788,3.284,0.013,0.237
giantsteps-key,3642409.LOFI.wav,Ab minor,ab minor,1.0,correct,ok,41.69,25.919,12.962,2.521,0.008,0.184
giantsteps-key,3648814.LOFI.wav,B minor,b minor,1.0,correct,ok,38.41,22.56,12.289,3.252,0.009,0.196
giantsteps-key,3661550.LOFI.wav,A minor,a minor,1.0,correct,ok,39.53,22.214,14.371,2.634,0.012,0.192
giantsteps-key,3667215.LOFI.wav,Ab minor,ab minor,1.0,correct,ok,39.46,23.417,12.99,2.732,0.015,0.207
giantsteps-key,3667683.LOFI.wav,G minor,c minor,0.5,fifth,ok,39.29,23.791,12.784,2.408,0.008,0.203
giantsteps-key,3668409.LOFI.wav,E minor,b minor,0.5,fifth,ok,39.26,23.176,12.933,2.843,0.009,0.204
giantsteps-key,3681890.LOFI.wav,C major,e minor,0.0,wrong,ok,39.47,23.068,13.194,2.883,0.01,0.215
giantsteps-key,3686302.LOFI.wav,D minor,d minor,1.0,correct,ok,39.78,23.374,13.334,2.793,0.008,0.188
giantsteps-key,3687442.LOFI.wav,Ab minor,ab minor,1.0,correct,ok,39.57,23.466,12.82,3.014,0.009,0.182
giantsteps-key,3695262.LOFI.wav,F minor,f minor,1.0,correct,ok,39.64,23.374,12.973,2.99,0.008,0.209
giantsteps-key,3696226.LOFI.wav,Ab minor,Ab major,0.2,parallel,ok,39.25,22.586,13.713,2.65,0.007,0.202
giantsteps-key,3701975.LOFI.wav,F major,d minor,0.3,relative,ok,40.93,23.57,14.516,2.523,0.014,0.214
giantsteps-key,3703893.LOFI.wav,E major,c# minor,0.3,relative,ok,38.98,23.748,12.528,2.39,0.012,0.205
giantsteps-key,3706570.LOFI.wav,Eb minor,eb minor,1.0,correct,ok,39.37,22.778,13.367,2.838,0.012,0.263
giantsteps-key,3713557.LOFI.wav,Bb minor,eb minor,0.5,fifth,ok,39.85,23.066,13.973,2.503,0.009,0.198
giantsteps-key,3725440.LOFI.wav,F minor,f minor,1.0,correct,ok,40.46,23.702,13.733,2.716,0.008,0.202
giantsteps-key,3740062.LOFI.wav,F minor,f minor,1.0,correct,ok,41.14,25.83,12.404,2.4,0.007,0.416
giantsteps-key,3753635.LOFI.wav,F major,d minor,0.3,relative,ok,38.69,22.829,13.056,2.472,0.01,0.228
giantsteps-key,3757006.LOFI.wav,Eb major,f minor,0.0,wrong,ok,39.24,22.522,13.44,2.959,0.009,0.202
giantsteps-key,3759800.LOFI.wav,B minor,b minor,1.0,correct,ok,39.77,23.583,13.027,2.825,0.01,0.226
giantsteps-key,376240.LOFI.wav,F minor,f minor,1.0,correct,ok,42.78,25.938,13.386,3.063,0.017,0.269
giantsteps-key,3767408.LOFI.wav,G minor,g minor,1.0,correct,ok,38.43,22.283,13.323,2.509,0.01,0.213
giantsteps-key,3772753.LOFI.wav,D minor,d minor,1.0,correct,ok,39.05,22.242,13.779,2.732,0.009,0.194
giantsteps-key,3773561.LOFI.wav,D minor,d minor,1.0,correct,ok,38.95,23.224,13.007,2.452,0.008,0.181
giantsteps-key,3776015.LOFI.wav,Ab minor,ab minor,1.0,correct,ok,39.25,23.223,12.854,2.861,0.009,0.206
giantsteps-key,3789116.LOFI.wav,E minor,b minor,0.5,fifth,ok,38.89,22.803,13.127,2.643,0.008,0.218
giantsteps-key,3789117.LOFI.wav,Bb minor,eb minor,0.5,fifth,ok,39.74,23.213,13.533,2.67,0.008,0.218
giantsteps-key,3792959.LOFI.wav,E minor,e minor,1.0,correct,ok,39.38,22.928,13.665,2.512,0.007,0.191
giantsteps-key,3794008.LOFI.wav,Db minor,c# minor,1.0,correct,ok,39.87,23.196,13.354,2.936,0.016,0.247
giantsteps-key,3813682.LOFI.wav,G minor,g minor,1.0,correct,ok,39.86,24.073,12.762,2.696,0.007,0.232
giantsteps-key,3822226.LOFI.wav,Ab minor,ab minor,1.0,correct,ok,41.93,23.812,14.476,3.339,0.007,0.207
giantsteps-key,3826491.LOFI.wav,D minor,d minor,1.0,correct,ok,39.55,23.46,13.342,2.44,0.008,0.21
giantsteps-key,3829561.LOFI.wav,Bb minor,bb minor,1.0,correct,ok,40.37,23.95,13.251,2.842,0.011,0.208
giantsteps-key,3833050.LOFI.wav,Db major,c# minor,0.2,parallel,ok,39.47,23.564,12.447,3.182,0.008,0.188
giantsteps-key,3836490.LOFI.wav,F minor,f minor,1.0,correct,ok,40.58,23.059,13.853,3.371,0.008,0.199
giantsteps-key,3841927.LOFI.wav,C minor,c minor,1.0,correct,ok,39.88,23.294,13.759,2.548,0.007,0.193
giantsteps-key,3858289.LOFI.wav,A minor,a minor,1.0,correct,ok,40.62,23.385,13.309,3.609,0.01,0.219
giantsteps-key,3858324.LOFI.wav,B minor,f# minor,0.5,fifth,ok,40.26,24.709,12.785,2.491,0.007,0.184
giantsteps-key,3858331.LOFI.wav,C minor,c minor,1.0,correct,ok,40.8,23.262,13.981,3.262,0.008,0.208
giantsteps-key,3873733.LOFI.wav,Eb minor,eb minor,1.0,correct,ok,39.13,23.438,12.615,2.734,0.009,0.234
giantsteps-key,3892740.LOFI.wav,D major,b minor,0.3,relative,ok,40.95,23.427,13.278,3.871,0.018,0.218
giantsteps-key,3914630.LOFI.wav,Gb major,f# minor,0.2,parallel,ok,42.22,25.855,13.414,2.571,0.015,0.203
giantsteps-key,3930672.LOFI.wav,D minor,d minor,1.0,correct,ok,39.97,23.09,13.37,3.164,0.014,0.231
giantsteps-key,3935095.LOFI.wav,E minor,a minor,0.5,fifth,ok,39.87,23.817,13.081,2.688,0.008,0.194
giantsteps-key,3938837.LOFI.wav,E minor,e minor,1.0,correct,ok,40.44,23.581,12.642,3.908,0.009,0.199
giantsteps-key,3939148.LOFI.wav,G minor,g minor,1.0,correct,ok,39.36,23.594,13.134,2.352,0.009,0.193
giantsteps-key,3949799.LOFI.wav,A major,d minor,0.0,wrong,ok,39.38,23.272,12.714,3.059,0.009,0.224
giantsteps-key,3954078.LOFI.wav,A minor,a minor,1.0,correct,ok,39.42,23.45,12.66,2.916,0.009,0.301
giantsteps-key,3954191.LOFI.wav,F minor,f minor,1.0,correct,ok,39.82,23.102,13.315,3.083,0.012,0.211
giantsteps-key,3958396.LOFI.wav,A major,d minor,0.0,wrong,ok,40.2,24.794,12.608,2.502,0.009,0.202
giantsteps-key,3958397.LOFI.wav,A minor,a minor,1.0,correct,ok,39.37,23.376,12.936,2.765,0.009,0.195
giantsteps-key,3958398.LOFI.wav,G minor,c minor,0.5,fifth,ok,39.09,22.579,12.649,3.579,0.007,0.184
giantsteps-key,3958755.LOFI.wav,Eb minor,eb minor,1.0,correct,ok,39.82,23.342,13.129,2.999,0.011,0.237
giantsteps-key,3958861.LOFI.wav,E minor,e minor,1.0,correct,ok,40.91,25.227,13.018,2.388,0.007,0.181
giantsteps-key,3963180.LOFI.wav,Gb minor,f# minor,1.0,correct,ok,40.74,22.804,13.441,3.735,0.023,0.502
giantsteps-key,3967462.LOFI.wav,E minor,c minor,0.0,wrong,ok,38.32,22.784,12.353,2.896,0.008,0.187
giantsteps-key,3969868.LOFI.wav,F minor,f minor,1.0,correct,ok,38.74,22.815,13.066,2.54,0.013,0.194
giantsteps-key,3971416.LOFI.wav,D minor,d minor,1.0,correct,ok,39.41,24.22,12.431,2.441,0.013,0.196
giantsteps-key,3979989.LOFI.wav,Eb minor,eb minor,1.0,correct,ok,40.13,23.453,13.361,3.016,0.009,0.207
giantsteps-key,3980001.LOFI.wav,D minor,f minor,0.0,wrong,ok,39.74,23.115,13.451,2.863,0.009,0.205
giantsteps-key,398124.LOFI.wav,D major,b minor,0.3,relative,ok,39.31,23.089,12.907,3.003,0.011,0.197
giantsteps-key,3986537.LOFI.wav,Gb minor,f# minor,1.0,correct,ok,38.01,22.656,12.638,2.439,0.007,0.184
giantsteps-key,3992511.LOFI.wav,Eb minor,f minor,0.0,wrong,ok,39.29,22.993,13.082,2.911,0.01,0.195
giantsteps-key,3995054.LOFI.wav,C major,c minor,0.2,parallel,ok,39.07,22.582,13.318,2.866,0.009,0.195
giantsteps-key,3997722.LOFI.wav,F minor,f minor,1.0,correct,ok,37.99,22.69,12.333,2.631,0.01,0.23
giantsteps-key,4002242.LOFI.wav,A minor,a minor,1.0,correct,ok,39.36,23.871,12.546,2.636,0.008,0.207
giantsteps-key,400259.LOFI.wav,G minor,g minor,1.0,correct,ok,38.91,22.942,12.437,3.216,0.012,0.203
giantsteps-key,4014747.LOFI.wav,C minor,c minor,1.0,correct,ok,40.74,22.649,14.716,2.985,0.012,0.273
giantsteps-key,4014749.LOFI.wav,C minor,c minor,1.0,correct,ok,38.84,23.007,12.471,2.962,0.016,0.254
giantsteps-key,4018247.LOFI.wav,G minor,g minor,1.0,correct,ok,39.3,23.471,13.172,2.339,0.008,0.217
giantsteps-key,4021075.LOFI.wav,F minor,f minor,1.0,correct,ok,38.45,22.796,12.379,2.959,0.007,0.223
giantsteps-key,4045225.LOFI.wav,Db minor,c# minor,1.0,correct,ok,39.71,23.665,12.495,3.216,0.008,0.234
giantsteps-key,4048367.LOFI.wav,B minor,b minor,1.0,correct,ok,38.29,22.702,12.433,2.773,0.014,0.25
giantsteps-key,4049579.LOFI.wav,G minor,g minor,1.0,correct,ok,39.21,22.874,13.038,2.993,0.009,0.206
giantsteps-key,4060751.LOFI.wav,Eb minor,eb minor,1.0,correct,ok,38.99,22.679,12.784,3.232,0.008,0.192
giantsteps-key,4062807.LOFI.wav,E minor,e minor,1.0,correct,ok,39.67,23.976,12.797,2.59,0.009,0.21
giantsteps-key,4066359.LOFI.wav,Eb major,c minor,0.3,relative,ok,38.34,22.546,12.932,2.523,0.013,0.212
giantsteps-key,4066435.LOFI.wav,Bb minor,bb minor,1.0,correct,ok,39.07,22.827,13.428,2.508,0.01,0.193
giantsteps-key,4086909.LOFI.wav,G minor,g minor,1.0,correct,ok,40.17,24.119,12.822,2.927,0.01,0.192
giantsteps-key,4088665.LOFI.wav,D minor,d minor,1.0,correct,ok,39.43,23.039,13.244,2.806,0.01,0.239
giantsteps-key,4091478.LOFI.wav,A minor,a minor,1.0,correct,ok,38.32,22.83,12.692,2.5,0.008,0.204
giantsteps-key,4093657.LOFI.wav,Db minor,eb minor,0.0,wrong,ok,40.11,23.083,13.833,2.849,0.01,0.237
giantsteps-key,4093908.LOFI.wav,C minor,c minor,1.0,correct,ok,39.1,23.005,12.754,3.069,0.008,0.18
giantsteps-key,4098993.LOFI.wav,G minor,g minor,1.0,correct,ok,40.3,23.492,13.561,2.95,0.007,0.201
giantsteps-key,4104235.LOFI.wav,F minor,f minor,1.0,correct,ok,38.01,22.669,12.693,2.394,0.008,0.17
giantsteps-key,4107957.LOFI.wav,Db minor,e minor,0.0,wrong,ok,38.64,22.97,12.434,2.939,0.007,0.194
giantsteps-key,4125044.LOFI.wav,F minor,f minor,1.0,correct,ok,39.24,22.863,12.706,3.4,0.008,0.183
giantsteps-key,4153238.LOFI.wav,A minor,a minor,1.0,correct,ok,40.43,23.421,13.579,3.145,0.008,0.186
giantsteps-key,4162405.LOFI.wav,A minor,a minor,1.0,correct,ok,41.09,25.163,13.228,2.328,0.009,0.277
giantsteps-key,4166222.LOFI.wav,E minor,e minor,1.0,correct,ok,38.79,22.875,12.662,2.966,0.007,0.194
giantsteps-key,4167325.LOFI.wav,F minor,f minor,1.0,correct,ok,39.75,22.919,13.728,2.81,0.007,0.202
giantsteps-key,4173942.LOFI.wav,C major,C major,1.0,correct,ok,39.59,23.402,12.402,3.483,0.01,0.194
giantsteps-key,4186982.LOFI.wav,G minor,g minor,1.0,correct,ok,39.21,23.522,13.043,2.348,0.009,0.187
giantsteps-key,4188100.LOFI.wav,Bb minor,f minor,0.5,fifth,ok,38.4,22.169,12.571,3.332,0.007,0.222
giantsteps-key,4191993.LOFI.wav,E minor,e minor,1.0,correct,ok,38.44,22.421,13.061,2.669,0.006,0.195
giantsteps-key,4200490.LOFI.wav,Gb minor,f# minor,1.0,correct,ok,39.89,24.101,12.793,2.688,0.012,0.197
giantsteps-key,4202763.LOFI.wav,A minor,a minor,1.0,correct,ok,40.64,25.052,12.837,2.425,0.01,0.213
giantsteps-key,4206954.LOFI.wav,D minor,d minor,1.0,correct,ok,40.43,24.145,12.217,3.763,0.007,0.183
giantsteps-key,4207145.LOFI.wav,Eb minor,eb minor,1.0,correct,ok,39.63,22.726,13.556,3.054,0.008,0.201
giantsteps-key,423054.LOFI.wav,D minor,d minor,1.0,correct,ok,41.36,25.903,12.351,2.726,0.008,0.292
giantsteps-key,4231980.LOFI.wav,C minor,c minor,1.0,correct,ok,41.36,25.028,13.12,2.93,0.008,0.194
giantsteps-key,4234612.LOFI.wav,C minor,c minor,1.0,correct,ok,39.13,23.548,12.459,2.761,0.011,0.239
giantsteps-key,4254573.LOFI.wav,C minor,c minor,1.0,correct,ok,39.19,22.893,13.151,2.849,0.008,0.198
giantsteps-key,4262569.LOFI.wav,Eb minor,eb minor,1.0,correct,ok,39.32,23.409,13.227,2.401,0.007,0.185
giantsteps-key,4275052.LOFI.wav,D major,b minor,0.3,relative,ok,41.6,25.169,13.179,2.911,0.01,0.225
giantsteps-key,4277742.LOFI.wav,F minor,f minor,1.0,correct,ok,41.99,26.274,12.199,3.213,0.007,0.212
giantsteps-key,4284574.LOFI.wav,G major,a minor,0.0,wrong,ok,39.81,22.931,13.903,2.664,0.009,0.209
giantsteps-key,4293025.LOFI.wav,A minor,a minor,1.0,correct,ok,39.58,23.401,13.269,2.473,0.007,0.338
giantsteps-key,4297635.LOFI.wav,B minor,e minor,0.5,fifth,ok,39.51,22.941,12.875,3.376,0.01,0.208
giantsteps-key,4302974.LOFI.wav,E minor,e minor,1.0,correct,ok,38.71,23.169,12.474,2.782,0.006,0.201
giantsteps-key,4315749.LOFI.wav,F minor,f minor,1.0,correct,ok,39.36,23.095,13.074,2.847,0.01,0.235
giantsteps-key,4320199.LOFI.wav,Eb minor,eb minor,1.0,correct,ok,39.62,23.417,13.094,2.83,0.008,0.183
giantsteps-key,4325645.LOFI.wav,C minor,c minor,1.0,correct,ok,40.74,23.295,13.89,3.263,0.01,0.195
giantsteps-key,4325646.LOFI.wav,Gb minor,f# minor,1.0,correct,ok,40.04,24.685,12.561,2.534,0.006,0.174
giantsteps-key,4327665.LOFI.wav,E minor,e minor,1.0,correct,ok,38.67,22.908,12.869,2.603,0.008,0.191
giantsteps-key,4328155.LOFI.wav,C minor,c minor,1.0,correct,ok,38.9,22.757,13.492,2.339,0.008,0.216
giantsteps-key,4328388.LOFI.wav,F minor,f minor,1.0,correct,ok,39.89,23.594,12.548,3.308,0.014,0.303
giantsteps-key,435443.LOFI.wav,E minor,E major,0.2,parallel,ok,41.81,25.828,13.104,2.499,0.01,0.253
giantsteps-key,4359736.LOFI.wav,F minor,f minor,1.0,correct,ok,39.01,22.234,13.415,2.963,0.009,0.298
giantsteps-key,4360488.LOFI.wav,F minor,f# minor,0.0,wrong,ok,38.78,23.167,12.984,2.35,0.008,0.194
giantsteps-key,4361260.LOFI.wav,C minor,c minor,1.0,correct,ok,40.7,24.143,12.619,3.569,0.011,0.241
giantsteps-key,4364668.LOFI.wav,Ab minor,eb minor,0.5,fifth,ok,40.97,23.873,13.96,2.819,0.008,0.216
giantsteps-key,4366506.LOFI.wav,Eb minor,eb minor,1.0,correct,ok,40.48,22.886,13.224,4.053,0.009,0.192
giantsteps-key,4371042.LOFI.wav,D minor,d minor,1.0,correct,ok,40.71,24.45,13.538,2.43,0.011,0.188
giantsteps-key,4399289.LOFI.wav,C major,d minor,0.0,wrong,ok,38.86,23.146,12.127,3.211,0.012,0.215
giantsteps-key,4424988.LOFI.wav,Ab minor,c# minor,0.5,fifth,ok,38.62,22.868,12.479,2.88,0.009,0.278
giantsteps-key,4433083.LOFI.wav,Bb minor,bb minor,1.0,correct,ok,38.99,23.008,12.869,2.835,0.008,0.188
giantsteps-key,4440292.LOFI.wav,Ab minor,ab minor,1.0,correct,ok,40.18,23.754,13.617,2.53,0.013,0.187
giantsteps-key,4450726.LOFI.wav,E major,e minor,0.2,parallel,ok,40.29,22.424,13.807,3.569,0.058,0.319
giantsteps-key,4452003.LOFI.wav,Gb minor,bb minor,0.0,wrong,ok,27.61,16.306,8.793,2.229,0.01,0.22
giantsteps-key,4452122.LOFI.wav,Bb minor,bb minor,1.0,correct,ok,41.76,23.503,14.816,3.037,0.015,0.282
giantsteps-key,4453556.LOFI.wav,G minor,g minor,1.0,correct,ok,43.34,26.344,14.071,2.638,0.007,0.191
giantsteps-key,4476610.LOFI.wav,Eb minor,eb minor,1.0,correct,ok,44.03,27.46,13.632,2.633,0.009,0.207
giantsteps-key,4483817.LOFI.wav,Ab minor,ab minor,1.0,correct,ok,41.06,25.444,12.815,2.513,0.007,0.194
giantsteps-key,4485436.LOFI.wav,F minor,f minor,1.0,correct,ok,38.23,23.019,12.058,2.872,0.008,0.177
giantsteps-key,4498388.LOFI.wav,D minor,d minor,1.0,correct,ok,37.82,22.547,12.4,2.561,0.009,0.205
giantsteps-key,4505122.LOFI.wav,Eb major,eb minor,0.2,parallel,ok,41.65,26.094,12.241,2.596,0.045,0.534
giantsteps-key,4508323.LOFI.wav,B minor,b minor,1.0,correct,ok,44.41,27.873,13.201,2.921,0.016,0.287
giantsteps-key,4540971.LOFI.wav,Bb minor,bb minor,1.0,correct,ok,39.43,22.751,13.246,3.107,0.014,0.208
giantsteps-key,4566667.LOFI.wav,Gb minor,f# minor,1.0,correct,ok,39.22,23.265,13.076,2.575,0.008,0.209
giantsteps-key,4573655.LOFI.wav,E minor,a minor,0.5,fifth,ok,38.87,22.822,12.681,2.975,0.011,0.249
giantsteps-key,4596347.LOFI.wav,F minor,f minor,1.0,correct,ok,38.66,22.625,13.095,2.576,0.01,0.233
giantsteps-key,4609349.LOFI.wav,A minor,a minor,1.0,correct,ok,40.46,23.565,13.249,3.232,0.012,0.269
giantsteps-key,4615188.LOFI.wav,Ab minor,ab minor,1.0,correct,ok,40.88,25.36,12.527,2.588,0.011,0.261
giantsteps-key,4657878.LOFI.wav,Gb minor,f# minor,1.0,correct,ok,39.5,23.263,13.067,2.782,0.012,0.257
giantsteps-key,4661735.LOFI.wav,G minor,g minor,1.0,correct,ok,40.36,23.249,12.661,4.022,0.014,0.277
giantsteps-key,4666231.LOFI.wav,F minor,f minor,1.0,correct,ok,38.66,21.936,13.939,2.507,0.007,0.178
giantsteps-key,4666417.LOFI.wav,A major,f# minor,0.3,relative,ok,39.49,23.395,12.919,2.892,0.011,0.191
giantsteps-key,4688833.LOFI.wav,A minor,a minor,1.0,correct,ok,38.91,22.938,12.642,3.029,0.007,0.199
giantsteps-key,4693198.LOFI.wav,E major,Ab major,0.0,wrong,ok,39.33,22.819,12.811,3.279,0.012,0.19
giantsteps-key,4702235.LOFI.wav,D major,b minor,0.3,relative,ok,39.21,23.286,12.948,2.652,0.011,0.22
giantsteps-key,4723905.LOFI.wav,F minor,f minor,1.0,correct,ok,39.56,23.617,12.329,3.33,0.009,0.185
giantsteps-key,472626.LOFI.wav,G minor,d minor,0.5,fifth,ok,39.17,23.852,12.529,2.507,0.007,0.191
giantsteps-key,4735775.LOFI.wav,Eb minor,eb minor,1.0,correct,ok,39.15,22.733,12.841,3.27,0.015,0.19
giantsteps-key,4755348.LOFI.wav,G minor,g minor,1.0,correct,ok,39.25,23.264,12.749,2.919,0.008,0.209
giantsteps-key,4758620.LOFI.wav,F minor,f minor,1.0,correct,ok,38.63,23.007,12.689,2.596,0.012,0.228
giantsteps-key,4779657.LOFI.wav,Bb major,d minor,0.0,wrong,ok,39.71,24.117,12.332,2.942,0.013,0.194
giantsteps-key,4786362.LOFI.wav,C minor,c minor,1.0,correct,ok,38.49,22.05,12.703,3.308,0.022,0.293
giantsteps-key,4802314.LOFI.wav,E minor,ab minor,0.0,wrong,ok,38.78,22.734,13.037,2.712,0.008,0.194
giantsteps-key,4815758.LOFI.wav,C minor,c minor,1.0,correct,ok,38.98,23.284,12.591,2.752,0.012,0.237
giantsteps-key,4817706.LOFI.wav,Db minor,c# minor,1.0,correct,ok,38.91,22.554,12.724,3.267,0.019,0.235
giantsteps-key,4823611.LOFI.wav,A minor,d minor,0.5,fifth,ok,38.68,22.435,12.678,3.186,0.013,0.22
giantsteps-key,4824580.LOFI.wav,C minor,d minor,0.0,wrong,ok,38.97,22.901,12.793,2.879,0.009,0.188
giantsteps-key,4827420.LOFI.wav,Gb minor,f# minor,1.0,correct,ok,39.96,22.974,13.907,2.765,0.01,0.223
giantsteps-key,4834156.LOFI.wav,D minor,d minor,1.0,correct,ok,38.95,23.037,12.787,2.839,0.009,0.191
giantsteps-key,4840289.LOFI.wav,E minor,e minor,1.0,correct,ok,38.59,22.393,12.745,3.101,0.009,0.225
giantsteps-key,4842349.LOFI.wav,G minor,g minor,1.0,correct,ok,39.71,22.839,13.589,2.98,0.009,0.205
giantsteps-key,4846004.LOFI.wav,B minor,b minor,1.0,correct,ok,40.1,24.52,12.593,2.707,0.008,0.194
giantsteps-key,4846007.LOFI.wav,Ab minor,ab minor,1.0,correct,ok,39.39,23.961,12.608,2.543,0.006,0.186
giantsteps-key,4857650.LOFI.wav,Bb minor,bb minor,1.0,correct,ok,41.87,25.73,12.535,3.293,0.007,0.225
giantsteps-key,4863806.LOFI.wav,F minor,f minor,1.0,correct,ok,39.69,22.724,13.486,3.202,0.008,0.192
giantsteps-key,4868146.LOFI.wav,F minor,f minor,1.0,correct,ok,39.96,23.668,12.455,3.533,0.011,0.2
giantsteps-key,4873286.LOFI.wav,Gb major,f# minor,0.2,parallel,ok,40.85,24.231,13.702,2.623,0.007,0.191
giantsteps-key,4877006.LOFI.wav,F minor,f minor,1.0,correct,ok,39.7,23.391,12.848,3.105,0.013,0.228
giantsteps-key,4898445.LOFI.wav,Ab minor,ab minor,1.0,correct,ok,41.0,24.993,12.412,3.32,0.008,0.186
giantsteps-key,4898455.LOFI.wav,F minor,bb minor,0.5,fifth,ok,39.99,23.236,13.749,2.73,0.008,0.188
giantsteps-key,4900482.LOFI.wav,Gb minor,f# minor,1.0,correct,ok,39.41,23.901,12.442,2.694,0.011,0.261
giantsteps-key,4917941.LOFI.wav,F minor,f minor,1.0,correct,ok,39.44,22.574,12.57,3.93,0.014,0.237
giantsteps-key,4920936.LOFI.wav,Db minor,c# minor,1.0,correct,ok,39.43,22.124,13.803,3.222,0.009,0.191
giantsteps-key,4926785.LOFI.wav,G minor,g minor,1.0,correct,ok,39.39,23.836,12.531,2.681,0.012,0.225
giantsteps-key,4927548.LOFI.wav,F minor,f minor,1.0,correct,ok,41.05,24.825,12.438,3.43,0.009,0.186
giantsteps-key,4927724.LOFI.wav,Ab major,Ab major,1.0,correct,ok,39.56,22.585,13.181,3.477,0.011,0.187
giantsteps-key,4927725.LOFI.wav,Eb minor,ab minor,0.5,fifth,ok,39.18,22.659,13.256,2.931,0.01,0.226
giantsteps-key,4928111.LOFI.wav,F minor,f minor,1.0,correct,ok,38.77,22.857,12.662,2.913,0.012,0.23
giantsteps-key,4934196.LOFI.wav,A minor,a minor,1.0,correct,ok,38.33,22.877,12.238,2.895,0.009,0.202
giantsteps-key,4934251.LOFI.wav,C minor,c minor,1.0,correct,ok,38.35,22.778,12.432,2.838,0.009,0.207
giantsteps-key,4935536.LOFI.wav,F minor,f minor,1.0,correct,ok,39.51,23.667,12.605,2.94,0.008,0.189
giantsteps-key,4939812.LOFI.wav,Bb minor,bb minor,1.0,correct,ok,38.91,23.164,12.883,2.53,0.012,0.226
giantsteps-key,4941208.LOFI.wav,F minor,Eb major,0.0,wrong,ok,39.04,23.148,12.726,2.85,0.012,0.199
giantsteps-key,4945105.LOFI.wav,F minor,f minor,1.0,correct,ok,39.61,23.566,12.612,3.074,0.012,0.237
giantsteps-key,4950604.LOFI.wav,F minor,f minor,1.0,correct,ok,38.9,23.093,12.814,2.697,0.009,0.183
giantsteps-key,4950614.LOFI.wav,E minor,e minor,1.0,correct,ok,38.84,23.38,12.545,2.52,0.016,0.253
giantsteps-key,4953926.LOFI.wav,C minor,c minor,1.0,correct,ok,39.02,23.626,12.289,2.756,0.016,0.229
giantsteps-key,4955428.LOFI.wav,Bb minor,bb minor,1.0,correct,ok,38.89,22.476,12.952,3.122,0.012,0.221
giantsteps-key,4955940.LOFI.wav,Ab minor,ab minor,1.0,correct,ok,38.51,22.537,12.818,2.866,0.008,0.188
giantsteps-key,4956417.LOFI.wav,Eb minor,eb minor,1.0,correct,ok,38.38,22.772,12.803,2.46,0.01,0.235
giantsteps-key,4957129.LOFI.wav,D minor,d minor,1.0,correct,ok,38.98,22.914,12.842,2.916,0.009,0.203
giantsteps-key,495905.LOFI.wav,Bb minor,bb minor,1.0,correct,ok,38.46,22.095,12.731,3.094,0.018,0.397
giantsteps-key,4960012.LOFI.wav,G minor,d minor,0.5,fifth,ok,38.67,22.595,12.867,2.902,0.012,0.198
giantsteps-key,4965571.LOFI.wav,G minor,g minor,1.0,correct,ok,40.64,23.222,14.438,2.701,0.009,0.184
giantsteps-key,4969568.LOFI.wav,B minor,b minor,1.0,correct,ok,38.23,22.333,13.146,2.469,0.008,0.191
giantsteps-key,4970082.LOFI.wav,F minor,f minor,1.0,correct,ok,40.83,24.302,12.676,3.551,0.008,0.196
giantsteps-key,4981539.LOFI.wav,Gb minor,f# minor,1.0,correct,ok,40.15,23.922,12.91,3.014,0.009,0.205
giantsteps-key,4981541.LOFI.wav,Bb minor,f minor,0.5,fifth,ok,39.24,23.516,12.436,2.874,0.012,0.241
giantsteps-key,4983645.LOFI.wav,D minor,d minor,1.0,correct,ok,40.08,24.525,12.587,2.62,0.014,0.221
giantsteps-key,4983728.LOFI.wav,G minor,g minor,1.0,correct,ok,38.66,22.33,12.567,3.36,0.016,0.226
giantsteps-key,4992190.LOFI.wav,Db minor,c# minor,1.0,correct,ok,39.65,23.226,12.796,3.285,0.011,0.236
giantsteps-key,4995394.LOFI.wav,Gb minor,f# minor,1.0,correct,ok,37.92,22.849,12.398,2.371,0.008,0.208
giantsteps-key,4995597.LOFI.wav,C major,f minor,0.0,wrong,ok,39.69,23.936,12.511,2.87,0.015,0.242
giantsteps-key,4996031.LOFI.wav,F minor,f minor,1.0,correct,ok,38.87,22.814,12.582,3.131,0.015,0.227
giantsteps-key,4996389.LOFI.wav,A minor,a minor,1.0,correct,ok,38.52,22.55,12.809,2.871,0.008,0.186
giantsteps-key,4997194.LOFI.wav,Ab minor,ab minor,1.0,correct,ok,38.79,23.133,12.666,2.647,0.014,0.236
giantsteps-key,4997222.LOFI.wav,Db minor,c# minor,1.0,correct,ok,37.61,22.225,12.383,2.658,0.013,0.22
giantsteps-key,5005412.LOFI.wav,G minor,g minor,1.0,correct,ok,38.41,22.095,12.633,3.369,0.013,0.189
giantsteps-key,5009084.LOFI.wav,Bb minor,bb minor,1.0,correct,ok,38.21,22.397,12.651,2.856,0.009,0.192
giantsteps-key,5013063.LOFI.wav,E minor,e minor,1.0,correct,ok,38.72,23.05,12.579,2.803,0.008,0.19
giantsteps-key,5013910.LOFI.wav,G minor,g minor,1.0,correct,ok,38.42,23.001,12.46,2.6,0.014,0.235
giantsteps-key,5015793.LOFI.wav,C major,d minor,0.0,wrong,ok,38.54,22.263,12.514,3.419,0.017,0.198
giantsteps-key,5026646.LOFI.wav,F minor,f minor,1.0,correct,ok,38.81,22.769,12.717,3.02,0.01,0.199
giantsteps-key,5030517.LOFI.wav,Gb minor,f# minor,1.0,correct,ok,38.88,22.954,12.814,2.745,0.017,0.243
giantsteps-key,5035524.LOFI.wav,E minor,e minor,1.0,correct,ok,39.83,23.573,12.835,3.099,0.008,0.215
giantsteps-key,5036476.LOFI.wav,Gb minor,f# minor,1.0,correct,ok,38.95,22.253,12.828,3.564,0.01,0.197
giantsteps-key,5039015.LOFI.wav,Db minor,c# minor,1.0,correct,ok,38.65,22.416,12.93,2.952,0.011,0.183
giantsteps-key,5039016.LOFI.wav,G minor,g minor,1.0,correct,ok,40.18,23.589,13.653,2.644,0.008,0.198
giantsteps-key,5048249.LOFI.wav,A minor,a minor,1.0,correct,ok,38.24,22.795,12.209,2.789,0.011,0.324
giantsteps-key,5048263.LOFI.wav,G minor,g minor,1.0,correct,ok,38.82,22.31,12.758,3.352,0.019,0.243
giantsteps-key,5049808.LOFI.wav,Ab minor,ab minor,1.0,correct,ok,39.88,22.974,13.466,3.153,0.007,0.184
giantsteps-key,5070608.LOFI.wav,F minor,f minor,1.0,correct,ok,39.69,23.917,12.353,3.104,0.014,0.198
giantsteps-key,5073839.LOFI.wav,B major,ab minor,0.3,relative,ok,40.58,24.747,12.618,2.925,0.009,0.188
giantsteps-key,5078640.LOFI.wav,F minor,f minor,1.0,correct,ok,40.3,23.749,12.459,3.711,0.019,0.24
giantsteps-key,5079918.LOFI.wav,Ab minor,ab minor,1.0,correct,ok,40.16,23.279,13.198,3.405,0.008,0.184
giantsteps-key,5081990.LOFI.wav,Gb minor,f# minor,1.0,correct,ok,39.36,23.885,12.739,2.43,0.01,0.203
giantsteps-key,5085261.LOFI.wav,A major,f# minor,0.3,relative,ok,40.66,24.811,12.819,2.635,0.012,0.272
giantsteps-key,5103693.LOFI.wav,F major,f minor,0.2,parallel,ok,40.87,24.778,12.661,3.14,0.008,0.193
giantsteps-key,511348.LOFI.wav,E minor,e minor,1.0,correct,ok,39.77,23.52,13.046,2.908,0.009,0.207
giantsteps-key,5120298.LOFI.wav,F minor,f minor,1.0,correct,ok,38.24,23.023,12.376,2.477,0.013,0.251
giantsteps-key,5159593.LOFI.wav,A minor,a minor,1.0,correct,ok,37.68,22.455,12.117,2.761,0.009,0.227
giantsteps-key,5171396.LOFI.wav,Ab major,f minor,0.3,relative,ok,37.54,21.961,12.299,2.913,0.011,0.258
giantsteps-key,5263098.LOFI.wav,G minor,g minor,1.0,correct,ok,38.43,22.619,12.807,2.708,0.008,0.192
giantsteps-key,5264038.LOFI.wav,E minor,f# minor,0.0,wrong,ok,38.26,22.942,12.315,2.696,0.011,0.202
giantsteps-key,5276059.LOFI.wav,C minor,c minor,1.0,correct,ok,40.02,23.757,12.669,3.28,0.009,0.205
giantsteps-key,5302340.LOFI.wav,C minor,c minor,1.0,correct,ok,39.04,23.209,12.658,2.796,0.012,0.248
giantsteps-key,5304804.LOFI.wav,F minor,f minor,1.0,correct,ok,39.59,23.046,13.002,3.252,0.008,0.194
giantsteps-key,5308082.LOFI.wav,Db minor,c# minor,1.0,correct,ok,39.65,23.294,13.311,2.76,0.008,0.189
giantsteps-key,5362946.LOFI.wav,A minor,a minor,1.0,correct,ok,39.16,23.389,12.414,3.039,0.009,0.207
giantsteps-key,5417860.LOFI.wav,Ab minor,ab minor,1.0,correct,ok,39.29,23.009,13.184,2.745,0.012,0.254
giantsteps-key,5431709.LOFI.wav,C minor,c minor,1.0,correct,ok,39.35,22.895,13.18,2.965,0.011,0.207
giantsteps-key,5450838.LOFI.wav,E minor,e minor,1.0,correct,ok,38.58,22.882,12.953,2.425,0.014,0.195
giantsteps-key,571009.LOFI.wav,F minor,f minor,1.0,correct,ok,38.13,22.881,12.237,2.656,0.013,0.219
giantsteps-key,5740146.LOFI.wav,Eb minor,eb minor,1.0,correct,ok,39.32,23.11,12.769,3.148,0.009,0.184
giantsteps-key,582991.LOFI.wav,G minor,c minor,0.5,fifth,ok,38.09,22.304,12.829,2.669,0.008,0.191
giantsteps-key,611797.LOFI.wav,A major,c# minor,0.0,wrong,ok,39.58,23.221,13.204,2.854,0.012,0.198
giantsteps-key,61415.LOFI.wav,F minor,f minor,1.0,correct,ok,37.84,22.39,12.454,2.682,0.01,0.21
giantsteps-key,631240.LOFI.wav,G minor,g minor,1.0,correct,ok,37.89,22.159,12.513,2.881,0.011,0.239
giantsteps-key,631883.LOFI.wav,C minor,c minor,1.0,correct,ok,39.01,23.243,12.763,2.718,0.007,0.191
giantsteps-key,634032.LOFI.wav,E minor,c minor,0.0,wrong,ok,39.09,23.539,12.226,2.993,0.01,0.221
giantsteps-key,667508.LOFI.wav,D minor,d minor,1.0,correct,ok,38.97,23.632,12.639,2.411,0.007,0.205
giantsteps-key,671546.LOFI.wav,A minor,a minor,1.0,correct,ok,42.32,25.285,13.715,3.002,0.009,0.215
giantsteps-key,677299.LOFI.wav,Gb major,f# minor,0.2,parallel,ok,38.91,22.176,13.66,2.786,0.01,0.179
giantsteps-key,678406.LOFI.wav,E minor,a minor,0.5,fifth,ok,39.25,23.1,13.115,2.735,0.008,0.202
giantsteps-key,682724.LOFI.wav,C major,g minor,0.0,wrong,ok,39.13,23.587,12.79,2.458,0.007,0.194
giantsteps-key,74982.LOFI.wav,C minor,f minor,0.5,fifth,ok,41.53,24.836,13.186,3.225,0.009,0.19
giantsteps-key,774871.LOFI.wav,B major,c minor,0.0,wrong,ok,41.96,25.835,13.346,2.483,0.008,0.189
giantsteps-key,774874.LOFI.wav,B minor,f# minor,0.5,fifth,ok,40.23,23.519,13.839,2.569,0.007,0.208
giantsteps-key,774875.LOFI.wav,Gb minor,d minor,0.0,wrong,ok,39.08,23.383,13.016,2.393,0.008,0.185
giantsteps-key,781373.LOFI.wav,E major,E major,1.0,correct,ok,39.39,22.355,13.352,3.253,0.016,0.276
giantsteps-key,781995.LOFI.wav,C major,a minor,0.3,relative,ok,42.11,25.697,13.741,2.38,0.007,0.19
giantsteps-key,796860.LOFI.wav,Ab minor,c# minor,0.5,fifth,ok,39.72,23.429,13.25,2.742,0.007,0.21
giantsteps-key,814290.LOFI.wav,E major,f# minor,0.0,wrong,ok,40.41,24.769,12.756,2.553,0.017,0.193
giantsteps-key,814505.LOFI.wav,A major,a minor,0.2,parallel,ok,39.63,22.548,13.144,3.557,0.013,0.254
giantsteps-key,822664.LOFI.wav,Bb minor,bb minor,1.0,correct,ok,38.66,22.751,12.986,2.629,0.009,0.189
giantsteps-key,835903.LOFI.wav,D major,d minor,0.2,parallel,ok,39.96,23.218,13.275,3.148,0.01,0.216
giantsteps-key,839886.LOFI.wav,D minor,g minor,0.5,fifth,ok,40.31,24.738,12.795,2.497,0.008,0.183
giantsteps-key,846900.LOFI.wav,E major,e minor,0.2,parallel,ok,38.28,22.567,12.527,2.765,0.015,0.275
giantsteps-key,847422.LOFI.wav,A minor,a minor,1.0,correct,ok,40.16,24.019,13.437,2.444,0.008,0.176
giantsteps-key,853834.LOFI.wav,E major,e minor,0.2,parallel,ok,39.38,23.189,13.413,2.464,0.009,0.215
giantsteps-key,873455.LOFI.wav,E minor,e minor,1.0,correct,ok,41.16,24.787,13.536,2.556,0.011,0.189
giantsteps-key,877345.LOFI.wav,Eb major,Eb major,1.0,correct,ok,39.85,22.991,13.304,3.192,0.013,0.231
giantsteps-key,883724.LOFI.wav,F minor,f minor,1.0,correct,ok,38.42,22.444,13.332,2.363,0.012,0.185
giantsteps-key,890568.LOFI.wav,E minor,e minor,1.0,correct,ok,38.39,22.907,12.867,2.297,0.013,0.219
giantsteps-key,891993.LOFI.wav,D major,d minor,0.2,parallel,ok,39.0,22.922,13.183,2.604,0.008,0.197
giantsteps-key,896478.LOFI.wav,B minor,b minor,1.0,correct,ok,39.65,22.427,13.491,3.346,0.013,0.264
giantsteps-key,903963.LOFI.wav,F major,f minor,0.2,parallel,ok,39.51,23.309,13.2,2.726,0.007,0.183
giantsteps-key,907837.LOFI.wav,G minor,g minor,1.0,correct,ok,41.32,23.173,15.28,2.573,0.007,0.198
giantsteps-key,923397.LOFI.wav,Bb minor,bb minor,1.0,correct,ok,37.67,22.497,12.398,2.469,0.008,0.211
giantsteps-key,945256.LOFI.wav,Eb minor,eb minor,1.0,correct,ok,37.69,22.036,12.144,3.117,0.014,0.245
giantsteps-key,973819.LOFI.wav,F minor,f minor,1.0,correct,ok,38.52,23.285,12.337,2.589,0.01,0.22
giantsteps-key,975137.LOFI.wav,C minor,bb minor,0.0,wrong,ok,38.64,22.98,12.603,2.719,0.013,0.222
giantsteps-key,975138.LOFI.wav,D minor,eb minor,0.0,wrong,ok,42.34,25.472,12.582,3.571,0.011,0.524
giantsteps-key,981591.LOFI.wav,Bb minor,f# minor,0.0,wrong,ok,38.4,22.138,13.447,2.485,0.017,0.223
giantsteps-key,992081.LOFI.wav,E major,c# minor,0.3,relative,ok,39.15,22.532,13.719,2.578,0.007,0.232
giantsteps-key,997308.LOFI.wav,C major,c minor,0.2,parallel,ok,39.11,23.546,12.374,2.559,0.011,0.504
giantsteps-mtg-key,100066.LOFI.wav,d minor	2,d minor,1.0,correct,ok,37.73,22.486,12.208,2.7,0.01,0.211
giantsteps-mtg-key,1017875.LOFI.wav,f# minor	2,f# minor,1.0,correct,ok,38.38,22.225,12.55,3.259,0.02,0.213
giantsteps-mtg-key,1019315.LOFI.wav,d minor	2,d minor,1.0,correct,ok,38.61,22.211,12.667,3.463,0.008,0.185
giantsteps-mtg-key,1034722.LOFI.wav,c minor	2,c minor,1.0,correct,ok,39.08,23.144,12.978,2.625,0.012,0.228
giantsteps-mtg-key,10359.LOFI.wav,d minor	2,d minor,1.0,correct,ok,39.45,23.949,12.297,2.891,0.008,0.215
giantsteps-mtg-key,1038248.LOFI.wav,d# minor	2,eb minor,1.0,correct,ok,39.56,22.823,12.422,4.019,0.008,0.198
giantsteps-mtg-key,103857.LOFI.wav,e major	2,e minor,0.2,parallel,ok,38.52,22.177,13.224,2.816,0.01,0.208
giantsteps-mtg-key,1051007.LOFI.wav,g# minor	2,ab minor,1.0,correct,ok,38.87,23.292,12.424,2.802,0.013,0.231
giantsteps-mtg-key,1054705.LOFI.wav,e minor	2	there is some punctual appearance of g# (e major),e minor,1.0,correct,ok,39.05,23.031,12.437,3.21,0.01,0.267
giantsteps-mtg-key,1056047.LOFI.wav,f# minor	2,f# minor,1.0,correct,ok,39.2,23.197,12.557,3.082,0.013,0.226
giantsteps-mtg-key,1059355.LOFI.wav,c# major	2,Db major,1.0,correct,ok,39.44,23.462,12.95,2.624,0.01,0.189
giantsteps-mtg-key,1060028.LOFI.wav,b minor	2,b minor,1.0,correct,ok,37.95,22.437,12.499,2.704,0.008,0.188
giantsteps-mtg-key,1067950.LOFI.wav,d major	2,d minor,0.2,parallel,ok,38.73,22.836,12.919,2.646,0.012,0.218
giantsteps-mtg-key,1072514.LOFI.wav,d major	2,d minor,0.2,parallel,ok,39.54,23.126,13.047,3.038,0.011,0.207
giantsteps-mtg-key,1077935.LOFI.wav,g# major	2,c minor,0.0,wrong,ok,39.27,23.381,12.71,2.884,0.007,0.184
giantsteps-mtg-key,1093726.LOFI.wav,c# minor	2,c# minor,1.0,correct,ok,39.29,23.161,13.37,2.455,0.009,0.206
giantsteps-mtg-key,1096228.LOFI.wav,d minor	2,g minor,0.5,fifth,ok,38.8,22.328,13.429,2.671,0.013,0.26
giantsteps-mtg-key,110504.LOFI.wav,d# minor	2,c minor,0.0,wrong,ok,37.91,22.349,12.061,3.148,0.009,0.247
giantsteps-mtg-key,11077.LOFI.wav,g minor	2,d minor,0.5,fifth,ok,39.1,23.107,13.211,2.487,0.008,0.192
giantsteps-mtg-key,1115626.LOFI.wav,g major	2,b minor,0.0,wrong,ok,39.22,23.19,12.886,2.797,0.012,0.222
giantsteps-mtg-key,11194.LOFI.wav,d minor	2,d minor,1.0,correct,ok,38.61,22.849,12.26,3.117,0.011,0.23
giantsteps-mtg-key,1144674.LOFI.wav,g minor	2	confusion with a# major is possible,g minor,1.0,correct,ok,38.61,22.061,13.024,3.192,0.013,0.214
giantsteps-mtg-key,1147737.LOFI.wav,c minor	2,c minor,1.0,correct,ok,37.97,21.911,12.956,2.826,0.008,0.182
giantsteps-mtg-key,1152124.LOFI.wav,g minor	2,g minor,1.0,correct,ok,39.61,23.646,12.337,3.344,0.007,0.192
giantsteps-mtg-key,1156133.LOFI.wav,e minor	2,e minor,1.0,correct,ok,38.43,22.867,12.56,2.619,0.025,0.239
giantsteps-mtg-key,1163534.LOFI.wav,d minor	2,d minor,1.0,correct,ok,38.93,22.282,12.725,3.575,0.011,0.225
giantsteps-mtg-key,1164250.LOFI.wav,b minor	2	second degree is lowered,b minor,1.0,correct,ok,39.26,22.94,12.788,3.233,0.009,0.205
giantsteps-mtg-key,1164433.LOFI.wav,c# minor	2,c# minor,1.0,correct,ok,38.08,22.947,12.386,2.444,0.01,0.206
giantsteps-mtg-key,1167965.LOFI.wav,f minor	2,f minor,1.0,correct,ok,39.54,24.344,12.238,2.605,0.012,0.223
giantsteps-mtg-key,1177887.LOFI.wav,a# minor	2,eb minor,0.5,fifth,ok,39.65,23.32,12.341,3.673,0.009,0.205
giantsteps-mtg-key,1185017.LOFI.wav,g major	2,g minor,0.2,parallel,ok,39.06,22.83,13.117,2.844,0.007,0.179
giantsteps-mtg-key,1187324.LOFI.wav,d minor	2,d minor,1.0,correct,ok,39.19,23.414,12.676,2.735,0.012,0.245
giantsteps-mtg-key,1190182.LOFI.wav,b minor	2,d minor,0.0,wrong,ok,39.5,23.508,12.383,3.259,0.01,0.251
giantsteps-mtg-key,1190980.LOFI.wav,e minor	2,e minor,1.0,correct,ok,38.62,22.622,12.549,3.121,0.011,0.221
giantsteps-mtg-key,1194397.LOFI.wav,c# major	2,Db major,1.0,correct,ok,38.9,22.946,12.914,2.761,0.007,0.183
giantsteps-mtg-key,1194512.LOFI.wav,a minor	2,a minor,1.0,correct,ok,39.5,23.362,12.316,3.548,0.011,0.186
giantsteps-mtg-key,119467.LOFI.wav,d# minor	2,d minor,0.0,wrong,ok,38.13,22.5,12.661,2.634,0.01,0.227
giantsteps-mtg-key,1196189.LOFI.wav,g minor	2,g minor,1.0,correct,ok,38.78,22.521,12.399,3.545,0.007,0.218
giantsteps-mtg-key,1205438.LOFI.wav,e minor	2,f# minor,0.0,wrong,ok,38.73,22.566,12.675,3.17,0.007,0.217
giantsteps-mtg-key,1240548.LOFI.wav,f# minor	2,eb minor,0.0,wrong,ok,39.34,23.065,12.701,2.855,0.025,0.45
giantsteps-mtg-key,1243107.LOFI.wav,b minor	2,b minor,1.0,correct,ok,40.17,23.78,13.14,2.919,0.008,0.227
giantsteps-mtg-key,1258142.LOFI.wav,c# minor	2,c# minor,1.0,correct,ok,39.68,22.659,12.664,4.003,0.011,0.239
giantsteps-mtg-key,125918.LOFI.wav,g major	2,G major,1.0,correct,ok,39.68,22.925,13.753,2.706,0.01,0.198
giantsteps-mtg-key,1261783.LOFI.wav,c# major	2,ab minor,0.0,wrong,ok,39.07,23.451,12.51,2.762,0.012,0.236
giantsteps-mtg-key,1267809.LOFI.wav,a major	2,A major,1.0,correct,ok,38.92,22.988,12.708,2.935,0.008,0.189
giantsteps-mtg-key,1270235.LOFI.wav,g# minor	2,ab minor,1.0,correct,ok,38.45,22.287,12.7,3.121,0.014,0.226
giantsteps-mtg-key,1274431.LOFI.wav,e minor	2,e minor,1.0,correct,ok,39.09,22.706,13.128,2.904,0.01,0.251
giantsteps-mtg-key,1276072.LOFI.wav,f# major	2,f# minor,0.2,parallel,ok,39.22,23.017,12.709,3.198,0.008,0.196
giantsteps-mtg-key,1277819.LOFI.wav,d minor	2,d minor,1.0,correct,ok,38.68,22.706,12.715,2.97,0.008,0.189
giantsteps-mtg-key,1287738.LOFI.wav,"c minor	2	confusion with f minor is possible, and there are fragments in c major too",f minor,0.5,fifth,ok,38.65,22.584,12.556,3.168,0.017,0.232
giantsteps-mtg-key,1288533.LOFI.wav,g minor	2,g minor,1.0,correct,ok,39.28,23.421,12.539,3.047,0.007,0.183
giantsteps-mtg-key,1290631.LOFI.wav,e minor	2,e minor,1.0,correct,ok,38.6,22.723,12.667,2.846,0.015,0.243
giantsteps-mtg-key,1290726.LOFI.wav,b major	2	second degree is lowered,b minor,0.2,parallel,ok,38.63,23.354,12.473,2.496,0.007,0.189
giantsteps-mtg-key,1298557.LOFI.wav,c# major	2,c# minor,0.2,parallel,ok,41.15,24.272,13.652,2.895,0.009,0.227
giantsteps-mtg-key,1298600.LOFI.wav,d# minor	2,eb minor,1.0,correct,ok,39.0,23.135,12.911,2.677,0.008,0.178
giantsteps-mtg-key,1312884.LOFI.wav,a minor	2,d minor,0.5,fifth,ok,38.97,23.286,12.756,2.58,0.01,0.232
giantsteps-mtg-key,131427.LOFI.wav,a minor	2,d minor,0.5,fifth,ok,40.06,24.122,13.053,2.576,0.009,0.207
giantsteps-mtg-key,1320423.LOFI.wav,e minor	2,a minor,0.5,fifth,ok,38.32,22.305,12.674,3.005,0.015,0.219
giantsteps-mtg-key,1320553.LOFI.wav,d# minor	2	confusion with a# minor is possible,bb minor,0.5,fifth,ok,40.37,24.071,12.963,3.071,0.008,0.178
giantsteps-mtg-key,132143.LOFI.wav,c# minor	2,c# minor,1.0,correct,ok,38.72,23.213,12.713,2.464,0.012,0.217
giantsteps-mtg-key,1334754.LOFI.wav,a# minor	2,f minor,0.5,fifth,ok,38.81,22.783,12.968,2.679,0.016,0.233
giantsteps-mtg-key,1336593.LOFI.wav,a# minor	2,eb minor,0.5,fifth,ok,38.19,22.134,12.492,3.189,0.009,0.242
giantsteps-mtg-key,1338256.LOFI.wav,d major	2,b minor,0.3,relative,ok,38.13,21.912,13.281,2.641,0.008,0.189
giantsteps-mtg-key,1340461.LOFI.wav,c minor	2,c minor,1.0,correct,ok,38.51,23.116,12.379,2.649,0.014,0.239
giantsteps-mtg-key,1342043.LOFI.wav,e major	2,c# minor,0.3,relative,ok,38.05,22.375,12.559,2.767,0.01,0.224
giantsteps-mtg-key,134948.LOFI.wav,c minor	2,c minor,1.0,correct,ok,37.85,22.344,12.546,2.684,0.008,0.185
giantsteps-mtg-key,1350891.LOFI.wav,a# minor	2,bb minor,1.0,correct,ok,39.05,22.71,13.595,2.427,0.009,0.212
giantsteps-mtg-key,1352419.LOFI.wav,d# minor	2,eb minor,1.0,correct,ok,37.78,22.623,12.332,2.526,0.008,0.212
giantsteps-mtg-key,135302.LOFI.wav,c minor	2,c minor,1.0,correct,ok,38.41,22.833,12.769,2.509,0.008,0.197
giantsteps-mtg-key,1362355.LOFI.wav,c# minor	2,f# minor,0.5,fifth,ok,40.01,24.014,12.674,2.976,0.013,0.218
giantsteps-mtg-key,1367983.LOFI.wav,e minor	2,e minor,1.0,correct,ok,38.04,21.989,12.797,2.908,0.021,0.189
giantsteps-mtg-key,1372384.LOFI.wav,d minor	2,d minor,1.0,correct,ok,39.6,23.031,13.379,2.815,0.017,0.248
giantsteps-mtg-key,1388341.LOFI.wav,a minor	2,c minor,0.0,wrong,ok,38.56,22.929,12.747,2.599,0.008,0.193
giantsteps-mtg-key,1389968.LOFI.wav,d# minor	2,ab minor,0.5,fifth,ok,39.9,22.769,12.745,4.025,0.018,0.229
giantsteps-mtg-key,139755.LOFI.wav,g major	2,e minor,0.3,relative,ok,38.57,22.749,12.969,2.577,0.007,0.176
giantsteps-mtg-key,1397802.LOFI.wav,c major	2,d minor,0.0,wrong,ok,40.07,22.878,13.764,3.135,0.008,0.199
giantsteps-mtg-key,1398692.LOFI.wav,c minor	2,c minor,1.0,correct,ok,39.5,22.947,13.538,2.621,0.011,0.29
giantsteps-mtg-key,1402876.LOFI.wav,a# minor	2,bb minor,1.0,correct,ok,39.37,22.852,13.192,3.017,0.01,0.199
giantsteps-mtg-key,1410568.LOFI.wav,c# minor	2,c# minor,1.0,correct,ok,40.4,24.403,13.006,2.679,0.01,0.213
giantsteps-mtg-key,1410588.LOFI.wav,b major	2,eb minor,0.0,wrong,ok,39.04,22.961,12.98,2.73,0.013,0.244
giantsteps-mtg-key,1413180.LOFI.wav,c# minor	2,c# minor,1.0,correct,ok,40.48,23.913,13.514,2.659,0.009,0.274
giantsteps-mtg-key,1416128.LOFI.wav,f# major	2	major scale with 6th degree lowered,f# minor,0.2,parallel,ok,37.9,22.346,12.586,2.649,0.01,0.201
giantsteps-mtg-key,1426839.LOFI.wav,a# minor	2,bb minor,1.0,correct,ok,39.86,23.458,13.327,2.767,0.007,0.209
giantsteps-mtg-key,1428584.LOFI.wav,f major	2,f minor,0.2,parallel,ok,39.25,23.409,12.858,2.616,0.017,0.241
giantsteps-mtg-key,14344.LOFI.wav,d minor	2,d minor,1.0,correct,ok,38.6,22.443,12.841,3.032,0.008,0.188
giantsteps-mtg-key,1439221.LOFI.wav,c# minor	2,c# minor,1.0,correct,ok,38.5,22.231,12.497,3.458,0.008,0.214
giantsteps-mtg-key,1441223.LOFI.wav,f# minor	2,f# minor,1.0,correct,ok,38.35,22.192,13.404,2.449,0.02,0.206
giantsteps-mtg-key,1446413.LOFI.wav,d# minor	2,c minor,0.0,wrong,ok,38.57,23.36,12.328,2.524,0.012,0.241
giantsteps-mtg-key,144851.LOFI.wav,b major	2,b minor,0.2,parallel,ok,39.68,23.731,12.18,3.449,0.011,0.206
giantsteps-mtg-key,1453434.LOFI.wav,e major	2,e minor,0.2,parallel,ok,38.72,22.703,13.003,2.703,0.01,0.202
giantsteps-mtg-key,1454669.LOFI.wav,a# minor	2,bb minor,1.0,correct,ok,38.34,21.969,13.205,2.81,0.01,0.259
giantsteps-mtg-key,1456345.LOFI.wav,g# major	2,c minor,0.0,wrong,ok,40.59,23.15,14.251,2.895,0.008,0.195
giantsteps-mtg-key,1460099.LOFI.wav,d# minor	2,eb minor,1.0,correct,ok,38.15,22.535,12.645,2.644,0.008,0.223
giantsteps-mtg-key,14720.LOFI.wav,d minor	2,d minor,1.0,correct,ok,40.4,23.218,12.943,3.889,0.009,0.242
giantsteps-mtg-key,1472760.LOFI.wav,e minor	2,e minor,1.0,correct,ok,39.8,22.637,13.606,3.246,0.008,0.202
giantsteps-mtg-key,1474885.LOFI.wav,d major	2,d minor,0.2,parallel,ok,39.08,23.668,12.368,2.736,0.011,0.199
giantsteps-mtg-key,1478848.LOFI.wav,c minor	2,f minor,0.5,fifth,ok,40.39,24.402,12.733,2.936,0.007,0.195
giantsteps-mtg-key,1492875.LOFI.wav,c minor	2,c minor,1.0,correct,ok,39.43,22.784,12.841,3.493,0.014,0.199
giantsteps-mtg-key,1493674.LOFI.wav,b minor	2,b minor,1.0,correct,ok,39.18,22.693,13.381,2.819,0.008,0.184
giantsteps-mtg-key,1497713.LOFI.wav,d major	2,a minor,0.0,wrong,ok,39.01,23.582,12.638,2.399,0.019,0.256
giantsteps-mtg-key,1507482.LOFI.wav,g# minor	2,c# minor,0.5,fifth,ok,40.08,24.236,12.439,3.062,0.009,0.245
giantsteps-mtg-key,150864.LOFI.wav,f minor	2,d minor,0.0,wrong,ok,39.08,23.22,12.444,3.077,0.012,0.228
giantsteps-mtg-key,1544667.LOFI.wav,f minor	2,f minor,1.0,correct,ok,39.68,23.236,12.863,3.001,0.009,0.415
giantsteps-mtg-key,1545117.LOFI.wav,d minor	2,d minor,1.0,correct,ok,38.43,23.091,12.547,2.494,0.009,0.206
giantsteps-mtg-key,1558123.LOFI.wav,a major	2,a minor,0.2,parallel,ok,38.52,22.608,12.613,2.941,0.009,0.229
giantsteps-mtg-key,155879.LOFI.wav,d minor	2,d minor,1.0,correct,ok,38.53,22.765,12.53,2.832,0.014,0.276
giantsteps-mtg-key,1569491.LOFI.wav,f minor	2,eb minor,0.0,wrong,ok,38.49,22.516,12.752,2.916,0.008,0.196
giantsteps-mtg-key,1579295.LOFI.wav,c minor	2,c minor,1.0,correct,ok,38.85,23.028,12.921,2.538,0.012,0.232
giantsteps-mtg-key,1581325.LOFI.wav,g# major	2,f minor,0.3,relative,ok,38.07,22.625,12.387,2.684,0.012,0.237
giantsteps-mtg-key,1586496.LOFI.wav,g# minor	2	confusion with b major is possible,c# minor,0.5,fifth,ok,39.34,22.741,12.929,3.323,0.013,0.234
giantsteps-mtg-key,159301.LOFI.wav,b minor	2,b minor,1.0,correct,ok,38.44,22.446,13.046,2.679,0.008,0.176
giantsteps-mtg-key,1595063.LOFI.wav,c major	2,c minor,0.2,parallel,ok,38.83,23.187,12.516,2.78,0.013,0.231
giantsteps-mtg-key,1598083.LOFI.wav,c# major	2,eb minor,0.0,wrong,ok,38.19,22.89,12.358,2.601,0.015,0.236
giantsteps-mtg-key,1599632.LOFI.wav,c# minor	2,c# minor,1.0,correct,ok,38.18,22.038,12.646,3.163,0.012,0.217
giantsteps-mtg-key,1607693.LOFI.wav,f minor	2,f minor,1.0,correct,ok,38.53,22.822,12.539,2.842,0.009,0.196
giantsteps-mtg-key,1612997.LOFI.wav,e minor	2,g minor,0.0,wrong,ok,40.52,23.045,14.685,2.502,0.007,0.194
giantsteps-mtg-key,1622037.LOFI.wav,a major	2,e minor,0.0,wrong,ok,38.72,23.089,12.838,2.472,0.011,0.222
giantsteps-mtg-key,1627499.LOFI.wav,d# minor	2,eb minor,1.0,correct,ok,39.45,23.006,12.383,3.571,0.022,0.327
giantsteps-mtg-key,1642729.LOFI.wav,c minor	2,c minor,1.0,correct,ok,40.22,22.86,13.757,3.308,0.008,0.197
giantsteps-mtg-key,1647165.LOFI.wav,d major	2,d minor,0.2,parallel,ok,39.01,23.421,12.667,2.546,0.015,0.262
giantsteps-mtg-key,1648142.LOFI.wav,a# minor	2,bb minor,1.0,correct,ok,41.94,26.002,12.359,3.271,0.009,0.2
giantsteps-mtg-key,1660225.LOFI.wav,g minor	2,g minor,1.0,correct,ok,40.5,23.808,13.296,3.065,0.015,0.211
giantsteps-mtg-key,1662838.LOFI.wav,b minor	2,b minor,1.0,correct,ok,39.76,23.496,13.128,2.834,0.012,0.191
giantsteps-mtg-key,1669212.LOFI.wav,d minor	2,g minor,0.5,fifth,ok,38.86,23.279,12.375,2.596,0.011,0.482
giantsteps-mtg-key,1673356.LOFI.wav,d major	2,A major,0.5,fifth,ok,38.02,22.609,12.518,2.53,0.009,0.257
giantsteps-mtg-key,167955.LOFI.wav,e major	2,f# minor,0.0,wrong,ok,38.64,22.363,12.673,3.253,0.013,0.224
giantsteps-mtg-key,1681314.LOFI.wav,f minor	2,f minor,1.0,correct,ok,39.15,23.046,12.776,3.033,0.011,0.197
giantsteps-mtg-key,168450.LOFI.wav,f# minor	2,f# minor,1.0,correct,ok,38.78,23.264,12.585,2.558,0.013,0.248
giantsteps-mtg-key,1691194.LOFI.wav,g# major	2,ab minor,0.2,parallel,ok,39.36,23.328,12.858,2.818,0.019,0.235
giantsteps-mtg-key,1693189.LOFI.wav,a minor	2,a minor,1.0,correct,ok,39.32,22.883,12.379,3.766,0.009,0.195
giantsteps-mtg-key,1694550.LOFI.wav,a# minor	2,f minor,0.5,fifth,ok,38.59,22.257,13.314,2.726,0.009,0.2
giantsteps-mtg-key,17025.LOFI.wav,d# minor	2,eb minor,1.0,correct,ok,39.14,23.18,12.689,2.926,0.011,0.24
giantsteps-mtg-key,1716212.LOFI.wav,b minor	2,b minor,1.0,correct,ok,38.51,22.852,12.369,2.844,0.011,0.267
giantsteps-mtg-key,174074.LOFI.wav,c# major	2,c# minor,0.2,parallel,ok,39.25,23.02,12.887,3.079,0.008,0.179
giantsteps-mtg-key,1740984.LOFI.wav,c minor	2,c minor,1.0,correct,ok,39.52,23.146,12.761,3.28,0.011,0.216
giantsteps-mtg-key,1743700.LOFI.wav,f# minor	2,f# minor,1.0,correct,ok,38.99,23.433,12.209,2.977,0.019,0.246
giantsteps-mtg-key,1746583.LOFI.wav,c# minor	2	key can also be perceived as e major,c# minor,1.0,correct,ok,39.42,23.906,12.551,2.665,0.009,0.209
giantsteps-mtg-key,1746628.LOFI.wav,c# major	2,c# minor,0.2,parallel,ok,38.58,22.345,12.983,2.877,0.017,0.244
giantsteps-mtg-key,1758017.LOFI.wav,g minor	2,d minor,0.5,fifth,ok,39.43,23.237,12.762,3.139,0.007,0.189
giantsteps-mtg-key,1758691.LOFI.wav,d major	2,b minor,0.3,relative,ok,38.85,23.299,12.574,2.617,0.014,0.24
giantsteps-mtg-key,1759353.LOFI.wav,f# minor	2,f# minor,1.0,correct,ok,38.58,23.223,12.454,2.544,0.012,0.239
giantsteps-mtg-key,178137.LOFI.wav,e minor	2,c# minor,0.0,wrong,ok,39.08,22.525,12.449,3.784,0.01,0.203
giantsteps-mtg-key,1781925.LOFI.wav,b minor	2,e minor,0.5,fifth,ok,38.43,22.09,13.08,2.923,0.008,0.236
giantsteps-mtg-key,1783835.LOFI.wav,c# major	2,bb minor,0.3,relative,ok,39.91,23.623,13.126,2.869,0.011,0.192
giantsteps-mtg-key,1789849.LOFI.wav,c minor	2,c minor,1.0,correct,ok,39.32,23.74,12.427,2.849,0.008,0.194
giantsteps-mtg-key,1795965.LOFI.wav,c major	2,c minor,0.2,parallel,ok,39.59,23.182,12.841,3.264,0.008,0.208
giantsteps-mtg-key,1797450.LOFI.wav,f# minor	2,f# minor,1.0,correct,ok,39.41,22.866,13.221,3.027,0.007,0.211
giantsteps-mtg-key,180831.LOFI.wav,e major	2,f# minor,0.0,wrong,ok,38.66,23.199,12.249,2.864,0.016,0.232
giantsteps-mtg-key,1810291.LOFI.wav,c minor	2,c minor,1.0,correct,ok,39.82,23.987,12.533,2.983,0.008,0.21
giantsteps-mtg-key,181659.LOFI.wav,f# major	2,bb minor,0.0,wrong,ok,38.14,22.465,12.466,2.83,0.02,0.242
giantsteps-mtg-key,1848401.LOFI.wav,c minor	2,c minor,1.0,correct,ok,39.53,23.252,13.208,2.782,0.007,0.19
giantsteps-mtg-key,1857841.LOFI.wav,f# major	2,f# minor,0.2,parallel,ok,39.08,23.159,12.918,2.648,0.013,0.24
giantsteps-mtg-key,1860990.LOFI.wav,g# minor	2,ab minor,1.0,correct,ok,38.71,23.26,12.35,2.653,0.023,0.29
giantsteps-mtg-key,1879911.LOFI.wav,g# minor	2,ab minor,1.0,correct,ok,39.96,23.22,12.95,3.481,0.009,0.201
giantsteps-mtg-key,188000.LOFI.wav,e minor	2,e minor,1.0,correct,ok,38.95,22.629,12.982,3.024,0.008,0.2
giantsteps-mtg-key,1881646.LOFI.wav,d major	2	second degree is lowered,d minor,0.2,parallel,ok,39.26,23.744,12.463,2.694,0.013,0.243
giantsteps-mtg-key,188616.LOFI.wav,c minor	2,c minor,1.0,correct,ok,39.25,23.824,12.483,2.615,0.01,0.225
giantsteps-mtg-key,189424.LOFI.wav,d major	2,b minor,0.3,relative,ok,39.15,22.935,12.762,3.038,0.008,0.321
giantsteps-mtg-key,1895483.LOFI.wav,d# minor	2,eb minor,1.0,correct,ok,38.79,22.619,13.014,2.806,0.009,0.228
giantsteps-mtg-key,1896153.LOFI.wav,c minor	2,c minor,1.0,correct,ok,38.29,22.421,12.53,2.991,0.012,0.235
giantsteps-mtg-key,18975.LOFI.wav,c minor	2,c minor,1.0,correct,ok,38.24,22.505,12.765,2.661,0.009,0.209
giantsteps-mtg-key,190162.LOFI.wav,d major	2,D major,1.0,correct,ok,38.24,21.962,12.888,3.065,0.011,0.217
giantsteps-mtg-key,190288.LOFI.wav,a# minor	2,bb minor,1.0,correct,ok,38.89,22.949,12.901,2.733,0.007,0.216
giantsteps-mtg-key,1905079.LOFI.wav,d# minor	2,eb minor,1.0,correct,ok,39.65,22.863,13.82,2.691,0.009,0.188
giantsteps-mtg-key,1918063.LOFI.wav,g major	2,g minor,0.2,parallel,ok,38.65,22.959,12.477,2.848,0.01,0.239
giantsteps-mtg-key,1918338.LOFI.wav,e major	2,e minor,0.2,parallel,ok,39.04,22.271,12.632,3.736,0.011,0.278
giantsteps-mtg-key,1926319.LOFI.wav,c# minor	2,c# minor,1.0,correct,ok,38.99,22.508,13.235,2.917,0.008,0.224
giantsteps-mtg-key,1926377.LOFI.wav,b minor	2,b minor,1.0,correct,ok,39.27,23.532,12.593,2.838,0.008,0.207
giantsteps-mtg-key,193072.LOFI.wav,c minor	2,c minor,1.0,correct,ok,39.51,23.965,12.525,2.677,0.008,0.219
giantsteps-mtg-key,1934576.LOFI.wav,c# minor	2,bb minor,0.0,wrong,ok,39.53,22.909,12.957,3.384,0.008,0.191
giantsteps-mtg-key,1958231.LOFI.wav,c# minor	2,f# minor,0.5,fifth,ok,39.65,23.342,12.614,3.217,0.008,0.347
giantsteps-mtg-key,1958760.LOFI.wav,f# major	2,eb minor,0.3,relative,ok,39.39,23.157,13.11,2.819,0.012,0.196
giantsteps-mtg-key,19613.LOFI.wav,d minor	2,d minor,1.0,correct,ok,39.61,23.79,12.603,2.854,0.011,0.243
giantsteps-mtg-key,196477.LOFI.wav,c# minor	2,c# minor,1.0,correct,ok,39.38,22.563,12.669,3.73,0.038,0.263
giantsteps-mtg-key,1971434.LOFI.wav,a# major	2,bb minor,0.2,parallel,ok,38.97,22.62,13.124,2.915,0.008,0.215
giantsteps-mtg-key,1974069.LOFI.wav,e major	2,c# minor,0.3,relative,ok,39.57,23.38,13.058,2.83,0.009,0.204
giantsteps-mtg-key,197434.LOFI.wav,d major	2,d minor,0.2,parallel,ok,39.7,23.428,12.68,3.081,0.011,0.377
giantsteps-mtg-key,19805.LOFI.wav,a minor	2,a minor,1.0,correct,ok,38.92,22.561,12.696,3.271,0.013,0.256
giantsteps-mtg-key,1980637.LOFI.wav,d minor	2,d minor,1.0,correct,ok,39.58,23.322,13.0,2.986,0.007,0.176
giantsteps-mtg-key,1981132.LOFI.wav,d major	2,d minor,0.2,parallel,ok,37.76,22.768,12.276,2.408,0.008,0.203
giantsteps-mtg-key,1989603.LOFI.wav,a# minor	2,bb minor,1.0,correct,ok,39.49,23.579,12.648,2.93,0.008,0.223
giantsteps-mtg-key,19936.LOFI.wav,a minor	2,a minor,1.0,correct,ok,39.75,23.284,12.968,3.054,0.012,0.317
giantsteps-mtg-key,2003951.LOFI.wav,e minor	2,e minor,1.0,correct,ok,39.57,23.165,12.618,3.458,0.007,0.233
giantsteps-mtg-key,200573.LOFI.wav,c# minor	2,c# minor,1.0,correct,ok,39.33,23.539,12.627,2.777,0.013,0.245
giantsteps-mtg-key,2016942.LOFI.wav,a# major	2,Bb major,1.0,correct,ok,38.11,22.49,12.556,2.695,0.029,0.228
giantsteps-mtg-key,2017315.LOFI.wav,d major	2,G major,0.5,fifth,ok,38.78,22.407,12.596,3.473,0.009,0.194
giantsteps-mtg-key,2019112.LOFI.wav,g# major	2,bb minor,0.0,wrong,ok,38.44,22.138,13.259,2.76,0.007,0.174
giantsteps-mtg-key,2022073.LOFI.wav,c# minor	2,c# minor,1.0,correct,ok,38.48,23.162,12.65,2.376,0.008,0.203
giantsteps-mtg-key,2022519.LOFI.wav,f# minor	2,f# minor,1.0,correct,ok,40.17,24.162,12.216,3.478,0.009,0.207
giantsteps-mtg-key,2028917.LOFI.wav,c major	2	there are many modulations inside track,c minor,0.2,parallel,ok,38.03,22.13,12.842,2.72,0.01,0.237
giantsteps-mtg-key,2046030.LOFI.wav,d major	2,d minor,0.2,parallel,ok,39.6,22.881,13.017,3.4,0.008,0.211
giantsteps-mtg-key,2047805.LOFI.wav,b major	2,f# minor,0.0,wrong,ok,38.77,22.953,13.003,2.512,0.008,0.196
giantsteps-mtg-key,2049030.LOFI.wav,c# major	2	confusion with a# minor is possible,Db major,1.0,correct,ok,39.05,22.658,12.928,3.125,0.01,0.224
giantsteps-mtg-key,206180.LOFI.wav,g minor	2,d minor,0.5,fifth,ok,39.83,23.795,13.112,2.573,0.011,0.226
giantsteps-mtg-key,206648.LOFI.wav,a major	2,A major,1.0,correct,ok,39.84,23.407,12.627,3.501,0.025,0.192
giantsteps-mtg-key,2068812.LOFI.wav,f minor	2,f minor,1.0,correct,ok,39.86,23.41,13.536,2.538,0.013,0.241
giantsteps-mtg-key,2090586.LOFI.wav,e major	2,b minor,0.0,wrong,ok,38.49,22.747,12.892,2.552,0.01,0.208
giantsteps-mtg-key,209475.LOFI.wav,d minor	2,d minor,1.0,correct,ok,42.64,25.234,14.105,2.91,0.02,0.244
giantsteps-mtg-key,217855.LOFI.wav,d minor	2,d minor,1.0,correct,ok,38.17,21.805,13.489,2.59,0.009,0.18
giantsteps-mtg-key,218890.LOFI.wav,d major	2,d minor,0.2,parallel,ok,41.63,23.338,15.52,2.508,0.006,0.176
giantsteps-mtg-key,218955.LOFI.wav,d major	2,d minor,0.2,parallel,ok,38.37,22.25,12.497,3.183,0.008,0.331
giantsteps-mtg-key,219078.LOFI.wav,d major	2,D major,1.0,correct,ok,38.72,22.798,12.452,3.162,0.009,0.199
giantsteps-mtg-key,221206.LOFI.wav,g major	2,d minor,0.0,wrong,ok,42.09,26.061,12.516,3.211,0.009,0.206
giantsteps-mtg-key,224078.LOFI.wav,c minor	2,c minor,1.0,correct,ok,39.75,23.73,12.745,2.882,0.009,0.296
giantsteps-mtg-key,224256.LOFI.wav,g# major	2,f minor,0.3,relative,ok,41.58,25.598,13.052,2.632,0.007,0.206
giantsteps-mtg-key,225388.LOFI.wav,g major	2,d minor,0.0,wrong,ok,38.47,22.591,12.214,3.299,0.011,0.242
giantsteps-mtg-key,226990.LOFI.wav,d major	2,d minor,0.2,parallel,ok,38.92,22.725,12.797,3.117,0.009,0.188
giantsteps-mtg-key,23309.LOFI.wav,b minor	2,b minor,1.0,correct,ok,38.69,22.589,13.373,2.397,0.01,0.223
giantsteps-mtg-key,239698.LOFI.wav,b minor	2,g minor,0.0,wrong,ok,41.3,24.575,13.176,3.23,0.01,0.213
giantsteps-mtg-key,239972.LOFI.wav,a# major	2,g minor,0.3,relative,ok,43.31,25.877,14.113,3.0,0.013,0.21
giantsteps-mtg-key,2422478.LOFI.wav,g# major	2,eb minor,0.0,wrong,ok,40.48,24.277,13.067,2.844,0.024,0.189
giantsteps-mtg-key,2423336.LOFI.wav,f minor	2	indian mode,f minor,1.0,correct,ok,39.15,23.382,12.997,2.434,0.008,0.201
giantsteps-mtg-key,2425817.LOFI.wav,f# minor	2,f# minor,1.0,correct,ok,39.36,22.855,13.694,2.531,0.008,0.189
giantsteps-mtg-key,2426699.LOFI.wav,c minor	2,f minor,0.5,fifth,ok,40.32,23.401,13.506,3.009,0.02,0.254
giantsteps-mtg-key,2435069.LOFI.wav,c# major	2,bb minor,0.3,relative,ok,44.13,27.583,13.875,2.371,0.007,0.207
giantsteps-mtg-key,2446138.LOFI.wav,c# minor	2	confusion with e major is possible,c# minor,1.0,correct,ok,40.98,24.479,13.617,2.527,0.016,0.237
giantsteps-mtg-key,245736.LOFI.wav,d major	2,d minor,0.2,parallel,ok,38.46,22.784,13.023,2.355,0.008,0.2
giantsteps-mtg-key,251655.LOFI.wav,g minor	2,g minor,1.0,correct,ok,40.05,22.85,13.805,3.105,0.008,0.193
giantsteps-mtg-key,25185.LOFI.wav,f minor	2,f minor,1.0,correct,ok,39.76,23.215,13.861,2.359,0.008,0.227
giantsteps-mtg-key,255261.LOFI.wav,e minor	2,e minor,1.0,correct,ok,39.5,23.425,13.058,2.734,0.009,0.185
giantsteps-mtg-key,255895.LOFI.wav,d# minor	2,eb minor,1.0,correct,ok,39.23,23.488,12.421,3.013,0.007,0.21
giantsteps-mtg-key,25702.LOFI.wav,c# minor	2,c# minor,1.0,correct,ok,39.97,23.831,12.959,2.878,0.008,0.202
giantsteps-mtg-key,257025.LOFI.wav,e minor	2,e minor,1.0,correct,ok,41.77,23.732,14.9,2.836,0.01,0.193
giantsteps-mtg-key,25703.LOFI.wav,c# minor	2,c# minor,1.0,correct,ok,39.39,23.253,12.963,2.869,0.008,0.195
giantsteps-mtg-key,2664585.LOFI.wav,g major	2,g minor,0.2,parallel,ok,39.28,24.173,12.483,2.345,0.008,0.187
giantsteps-mtg-key,26737.LOFI.wav,c minor	2,c minor,1.0,correct,ok,39.51,22.848,13.579,2.798,0.013,0.191
giantsteps-mtg-key,2678362.LOFI.wav,a# major	2,g minor,0.3,relative,ok,39.68,22.439,14.043,2.868,0.01,0.213
giantsteps-mtg-key,269382.LOFI.wav,f# minor	2,f# minor,1.0,correct,ok,40.63,24.352,13.44,2.544,0.009,0.19
giantsteps-mtg-key,2702217.LOFI.wav,g# major	2,c minor,0.0,wrong,ok,39.2,23.732,12.652,2.519,0.007,0.193
giantsteps-mtg-key,2706210.LOFI.wav,c# major	2,c# minor,0.2,parallel,ok,38.56,22.776,12.793,2.649,0.013,0.228
giantsteps-mtg-key,2706938.LOFI.wav,b major	2,c minor,0.0,wrong,ok,39.37,22.352,13.871,2.79,0.01,0.24
giantsteps-mtg-key,2707024.LOFI.wav,d# minor	2,eb minor,1.0,correct,ok,41.4,24.379,13.717,3.014,0.007,0.198
giantsteps-mtg-key,2721806.LOFI.wav,g# major	2,f minor,0.3,relative,ok,41.32,25.683,12.845,2.52,0.007,0.183
giantsteps-mtg-key,273439.LOFI.wav,f minor	2,f minor,1.0,correct,ok,39.95,23.827,12.992,2.661,0.018,0.209
giantsteps-mtg-key,273553.LOFI.wav,f minor	2,f minor,1.0,correct,ok,40.28,23.163,13.914,2.838,0.01,0.248
giantsteps-mtg-key,2741616.LOFI.wav,g minor	2,d minor,0.5,fifth,ok,39.96,23.021,13.809,2.768,0.014,0.238
giantsteps-mtg-key,2754261.LOFI.wav,g major	2,e minor,0.3,relative,ok,42.07,26.49,12.889,2.406,0.013,0.189
giantsteps-mtg-key,2763714.LOFI.wav,a minor	2,d minor,0.5,fifth,ok,38.11,22.92,12.208,2.674,0.008,0.217
giantsteps-mtg-key,277229.LOFI.wav,a# minor	2,c# minor,0.0,wrong,ok,40.25,22.778,13.882,3.238,0.012,0.218
giantsteps-mtg-key,282105.LOFI.wav,g minor	2,d minor,0.5,fifth,ok,39.09,23.376,13.1,2.339,0.007,0.182
giantsteps-mtg-key,283467.LOFI.wav,a minor	2,a minor,1.0,correct,ok,41.1,25.065,12.847,2.883,0.009,0.201
giantsteps-mtg-key,287952.LOFI.wav,a minor	2,d minor,0.5,fifth,ok,39.23,23.397,12.794,2.749,0.008,0.198
giantsteps-mtg-key,289631.LOFI.wav,g major	2,e minor,0.3,relative,ok,39.66,23.118,13.108,3.133,0.007,0.211
giantsteps-mtg-key,290580.LOFI.wav,a# minor	2,bb minor,1.0,correct,ok,39.6,23.314,13.409,2.584,0.007,0.198
giantsteps-mtg-key,291094.LOFI.wav,d major	2,d minor,0.2,parallel,ok,38.92,22.94,12.865,2.751,0.013,0.232
giantsteps-mtg-key,292281.LOFI.wav,c# minor	2,c# minor,1.0,correct,ok,39.96,24.131,12.505,3.03,0.009,0.19
giantsteps-mtg-key,292564.LOFI.wav,d major	2,d minor,0.2,parallel,ok,40.01,24.067,12.91,2.76,0.007,0.186
giantsteps-mtg-key,292730.LOFI.wav,b minor	2,d minor,0.0,wrong,ok,39.39,23.167,13.003,2.917,0.01,0.196
giantsteps-mtg-key,293203.LOFI.wav,d major	2,d minor,0.2,parallel,ok,37.88,22.236,12.715,2.406,0.012,0.345
giantsteps-mtg-key,297002.LOFI.wav,f minor	2,f minor,1.0,correct,ok,38.54,22.552,12.498,3.172,0.008,0.211
giantsteps-mtg-key,297010.LOFI.wav,c minor	2,c minor,1.0,correct,ok,28.56,15.873,9.936,2.495,0.007,0.18
giantsteps-mtg-key,297012.LOFI.wav,a# minor	2,eb minor,0.5,fifth,ok,39.18,23.226,12.357,3.287,0.009,0.202
giantsteps-mtg-key,297013.LOFI.wav,g minor	2,g minor,1.0,correct,ok,38.8,23.163,12.369,2.9,0.011,0.275
giantsteps-mtg-key,297025.LOFI.wav,d minor	2,d minor,1.0,correct,ok,39.12,22.56,12.541,3.701,0.008,0.21
giantsteps-mtg-key,297030.LOFI.wav,b minor	2,e minor,0.5,fifth,ok,42.7,25.81,13.166,3.436,0.008,0.2
giantsteps-mtg-key,297057.LOFI.wav,c# minor	2,c# minor,1.0,correct,ok,39.45,23.434,12.883,2.836,0.009,0.205
giantsteps-mtg-key,297067.LOFI.wav,e minor	2,e minor,1.0,correct,ok,39.47,23.953,12.641,2.544,0.011,0.231
giantsteps-mtg-key,297071.LOFI.wav,"g# major	2	mixolydian mode and, in addition, vi degree is lowered",c# minor,0.0,wrong,ok,39.9,23.356,12.462,3.791,0.009,0.195
giantsteps-mtg-key,297113.LOFI.wav,f major	2,F major,1.0,correct,ok,39.1,22.755,13.217,2.823,0.009,0.206
giantsteps-mtg-key,297125.LOFI.wav,g minor	2,g minor,1.0,correct,ok,38.37,23.155,12.302,2.538,0.013,0.247
giantsteps-mtg-key,297129.LOFI.wav,d major	2,b minor,0.3,relative,ok,40.2,24.172,12.203,3.42,0.011,0.284
giantsteps-mtg-key,297131.LOFI.wav,b major	2,B major,1.0,correct,ok,39.36,22.99,13.101,2.981,0.01,0.188
giantsteps-mtg-key,297161.LOFI.wav,g minor	2,g minor,1.0,correct,ok,39.49,23.056,13.322,2.833,0.007,0.189
giantsteps-mtg-key,297162.LOFI.wav,a minor	2,a minor,1.0,correct,ok,39.38,23.361,12.739,2.906,0.012,0.234
giantsteps-mtg-key,297188.LOFI.wav,b minor	2,f# minor,0.5,fifth,ok,38.16,22.422,12.927,2.518,0.007,0.191
giantsteps-mtg-key,297191.LOFI.wav,d# minor	2,eb minor,1.0,correct,ok,38.74,22.997,12.55,2.854,0.013,0.224
giantsteps-mtg-key,297193.LOFI.wav,a minor	2,a minor,1.0,correct,ok,39.3,23.326,12.879,2.762,0.008,0.228
giantsteps-mtg-key,297204.LOFI.wav,a minor	2,a minor,1.0,correct,ok,38.39,22.822,12.43,2.793,0.014,0.234
giantsteps-mtg-key,297206.LOFI.wav,f minor	2,f minor,1.0,correct,ok,38.16,23.014,12.323,2.533,0.008,0.198
giantsteps-mtg-key,297218.LOFI.wav,f# minor	2,f# minor,1.0,correct,ok,38.74,22.328,12.655,3.332,0.012,0.31
giantsteps-mtg-key,297253.LOFI.wav,a major	2,c# minor,0.0,wrong,ok,38.02,22.504,12.678,2.555,0.007,0.182
giantsteps-mtg-key,297261.LOFI.wav,d minor	2,d minor,1.0,correct,ok,38.91,22.524,13.119,2.973,0.008,0.198
giantsteps-mtg-key,297264.LOFI.wav,d minor	2,d minor,1.0,correct,ok,39.0,22.694,13.052,2.974,0.007,0.186
giantsteps-mtg-key,297266.LOFI.wav,f minor	2,f minor,1.0,correct,ok,38.71,22.953,12.391,3.016,0.022,0.227
giantsteps-mtg-key,297268.LOFI.wav,g minor	2,g minor,1.0,correct,ok,39.04,23.381,12.656,2.69,0.009,0.196
giantsteps-mtg-key,297269.LOFI.wav,f minor	2,f minor,1.0,correct,ok,39.64,22.86,13.184,3.304,0.008,0.193
giantsteps-mtg-key,297281.LOFI.wav,f# minor	2,f# minor,1.0,correct,ok,38.77,23.602,12.387,2.491,0.007,0.189
giantsteps-mtg-key,297286.LOFI.wav,g minor	2,g minor,1.0,correct,ok,39.3,23.305,12.301,3.398,0.009,0.189
giantsteps-mtg-key,297287.LOFI.wav,g minor	2,g minor,1.0,correct,ok,39.3,22.766,13.272,2.971,0.007,0.199
giantsteps-mtg-key,297334.LOFI.wav,f# major	2,eb minor,0.3,relative,ok,39.59,23.895,12.648,2.756,0.008,0.202
giantsteps-mtg-key,297335.LOFI.wav,f# major	2,eb minor,0.3,relative,ok,39.77,23.754,12.805,2.89,0.017,0.199
giantsteps-mtg-key,297336.LOFI.wav,f# major	2,eb minor,0.3,relative,ok,39.03,22.1,12.741,3.812,0.011,0.256
giantsteps-mtg-key,297346.LOFI.wav,g major	2,e minor,0.3,relative,ok,39.6,22.782,13.412,2.962,0.012,0.326
giantsteps-mtg-key,297347.LOFI.wav,g major	2,e minor,0.3,relative,ok,39.15,23.528,12.575,2.76,0.008,0.187
giantsteps-mtg-key,297349.LOFI.wav,e minor	2,e minor,1.0,correct,ok,39.64,23.658,12.681,2.988,0.01,0.199
giantsteps-mtg-key,297355.LOFI.wav,b minor	2,b minor,1.0,correct,ok,39.09,22.474,12.746,3.522,0.009,0.201
giantsteps-mtg-key,297356.LOFI.wav,f major	2,f minor,0.2,parallel,ok,38.97,22.412,13.161,3.11,0.008,0.184
giantsteps-mtg-key,297360.LOFI.wav,f minor	2,f minor,1.0,correct,ok,39.1,23.064,12.862,2.858,0.008,0.213
giantsteps-mtg-key,297379.LOFI.wav,a# minor	2,f minor,0.5,fifth,ok,38.88,23.281,12.59,2.691,0.011,0.22
giantsteps-mtg-key,297409.LOFI.wav,g minor	2,g minor,1.0,correct,ok,39.17,22.648,12.827,3.386,0.009,0.189
giantsteps-mtg-key,297410.LOFI.wav,g major	2,a minor,0.0,wrong,ok,38.93,22.824,12.865,2.946,0.007,0.197
giantsteps-mtg-key,297411.LOFI.wav,f# minor	2,c# minor,0.5,fifth,ok,39.08,23.293,12.681,2.813,0.008,0.198
giantsteps-mtg-key,297413.LOFI.wav,d# major	2	mixolydian mode,bb minor,0.0,wrong,ok,38.44,22.928,12.591,2.602,0.009,0.219
giantsteps-mtg-key,297415.LOFI.wav,c major	2,c minor,0.2,parallel,ok,39.06,22.816,12.458,3.447,0.011,0.214
giantsteps-mtg-key,297418.LOFI.wav,c major	2,a minor,0.3,relative,ok,39.17,22.95,12.959,2.945,0.008,0.208
giantsteps-mtg-key,297422.LOFI.wav,f major	2,F major,1.0,correct,ok,38.79,23.273,12.444,2.78,0.008,0.199
giantsteps-mtg-key,297424.LOFI.wav,c major	2,C major,1.0,correct,ok,39.16,23.777,12.431,2.618,0.01,0.233
giantsteps-mtg-key,297474.LOFI.wav,b major	2,ab minor,0.3,relative,ok,39.16,23.095,12.372,3.321,0.007,0.282
giantsteps-mtg-key,297488.LOFI.wav,f major	2,d minor,0.3,relative,ok,39.35,22.992,12.761,3.295,0.008,0.19
giantsteps-mtg-key,297491.LOFI.wav,f minor	2,c minor,0.5,fifth,ok,38.61,23.1,12.554,2.602,0.013,0.24
giantsteps-mtg-key,297494.LOFI.wav,e minor	2,e minor,1.0,correct,ok,39.22,23.639,12.444,2.776,0.015,0.24
giantsteps-mtg-key,297501.LOFI.wav,f minor	2,f minor,1.0,correct,ok,38.73,22.401,12.398,3.106,0.161,0.533
giantsteps-mtg-key,297506.LOFI.wav,b minor	2,b minor,1.0,correct,ok,38.81,22.332,13.279,2.905,0.009,0.19
giantsteps-mtg-key,297513.LOFI.wav,c major	2	mixolydian mode,c minor,0.2,parallel,ok,39.56,23.947,12.226,3.075,0.008,0.21
giantsteps-mtg-key,297521.LOFI.wav,f minor	2	mixolydian mode and… blues scale?,f minor,1.0,correct,ok,38.45,23.332,12.423,2.407,0.009,0.193
giantsteps-mtg-key,297535.LOFI.wav,d# minor	2,eb minor,1.0,correct,ok,39.69,23.998,12.414,2.979,0.013,0.202
giantsteps-mtg-key,297536.LOFI.wav,c minor	2,c minor,1.0,correct,ok,38.9,22.37,13.146,3.082,0.008,0.2
giantsteps-mtg-key,297538.LOFI.wav,c minor	2,c minor,1.0,correct,ok,38.6,22.894,12.487,2.847,0.017,0.25
giantsteps-mtg-key,297542.LOFI.wav,f minor	2,f minor,1.0,correct,ok,39.75,24.191,12.667,2.559,0.008,0.233
giantsteps-mtg-key,297579.LOFI.wav,a minor	2,a minor,1.0,correct,ok,38.97,22.697,12.683,3.265,0.008,0.221
giantsteps-mtg-key,297580.LOFI.wav,d minor	2,d minor,1.0,correct,ok,39.61,23.69,12.401,3.226,0.008,0.195
giantsteps-mtg-key,297598.LOFI.wav,c# minor	2	blues scale? it also sounds a little bit like b major…,c# minor,1.0,correct,ok,39.63,23.681,12.812,2.834,0.009,0.202
giantsteps-mtg-key,297600.LOFI.wav,e minor	2,e minor,1.0,correct,ok,38.68,23.181,12.481,2.642,0.013,0.26
giantsteps-mtg-key,297608.LOFI.wav,a major	2,f# minor,0.3,relative,ok,39.0,22.47,12.254,3.785,0.014,0.326
giantsteps-mtg-key,297615.LOFI.wav,a minor	2,a minor,1.0,correct,ok,39.27,22.571,13.54,2.857,0.01,0.189
giantsteps-mtg-key,297616.LOFI.wav,a minor	2,a minor,1.0,correct,ok,39.2,23.323,12.695,2.885,0.008,0.206
giantsteps-mtg-key,297617.LOFI.wav,a minor	2,a minor,1.0,correct,ok,40.09,24.192,12.464,3.064,0.011,0.244
giantsteps-mtg-key,297620.LOFI.wav,"d minor	2	confusion between d minor and f major can be generated by the insistence on the use of the dmin7 chord, but there is no doubt that key is d minor",d minor,1.0,correct,ok,39.53,23.123,12.915,3.2,0.009,0.182
giantsteps-mtg-key,297627.LOFI.wav,f minor	2,f minor,1.0,correct,ok,39.0,22.335,13.619,2.749,0.007,0.194
giantsteps-mtg-key,297652.LOFI.wav,e minor	2,c# minor,0.0,wrong,ok,39.22,23.258,12.363,3.212,0.016,0.247
giantsteps-mtg-key,297654.LOFI.wav,e minor	2,e minor,1.0,correct,ok,38.94,23.28,12.673,2.665,0.009,0.215
giantsteps-mtg-key,297656.LOFI.wav,e minor	2,e minor,1.0,correct,ok,38.91,22.909,12.559,3.04,0.014,0.25
giantsteps-mtg-key,297657.LOFI.wav,f major	2,f minor,0.2,parallel,ok,39.76,23.445,12.997,3.051,0.008,0.182
giantsteps-mtg-key,297658.LOFI.wav,"f major	2	in this case, the major mode is not so clear as in the precedent track",f minor,0.2,parallel,ok,39.13,23.601,12.601,2.596,0.009,0.225
giantsteps-mtg-key,297659.LOFI.wav,f minor	2,f minor,1.0,correct,ok,39.73,23.672,12.86,2.879,0.008,0.223
giantsteps-mtg-key,297660.LOFI.wav,c minor	2,c minor,1.0,correct,ok,39.18,22.054,12.767,3.858,0.012,0.396
giantsteps-mtg-key,297666.LOFI.wav,a minor	2	key is only iterable from bottom flute melody,e minor,0.5,fifth,ok,38.68,22.359,13.248,2.788,0.009,0.187
giantsteps-mtg-key,297686.LOFI.wav,a# major	2	mixolydian mode,c minor,0.0,wrong,ok,38.83,23.304,12.595,2.561,0.014,0.245
giantsteps-mtg-key,297692.LOFI.wav,c# minor	2,c# minor,1.0,correct,ok,39.34,23.278,12.348,3.43,0.008,0.186
giantsteps-mtg-key,297695.LOFI.wav,c# minor	2,c# minor,1.0,correct,ok,38.76,22.415,12.989,3.007,0.01,0.249
giantsteps-mtg-key,297696.LOFI.wav,a minor	2,a minor,1.0,correct,ok,39.03,22.836,12.934,2.953,0.008,0.196
giantsteps-mtg-key,297697.LOFI.wav,f# minor	2,f# minor,1.0,correct,ok,38.29,22.975,12.278,2.747,0.009,0.199
giantsteps-mtg-key,297698.LOFI.wav,f minor	2,f minor,1.0,correct,ok,38.77,22.805,12.872,2.744,0.012,0.233
giantsteps-mtg-key,297699.LOFI.wav,f minor	2,f minor,1.0,correct,ok,39.27,23.165,12.86,2.884,0.018,0.207
giantsteps-mtg-key,297705.LOFI.wav,a# minor	2,bb minor,1.0,correct,ok,39.2,23.167,12.879,2.867,0.008,0.191
giantsteps-mtg-key,297717.LOFI.wav,c minor	2,c minor,1.0,correct,ok,38.74,23.104,12.85,2.496,0.009,0.197
giantsteps-mtg-key,297718.LOFI.wav,c minor	2,c minor,1.0,correct,ok,39.15,23.068,12.234,3.488,0.013,0.237
giantsteps-mtg-key,297721.LOFI.wav,g minor	2,d minor,0.5,fifth,ok,38.96,22.689,13.214,2.662,0.016,0.229
giantsteps-mtg-key,297748.LOFI.wav,a major	2	mixolydian mode,d minor,0.0,wrong,ok,39.32,22.799,13.533,2.695,0.021,0.179
giantsteps-mtg-key,297756.LOFI.wav,g# major	2,ab minor,0.2,parallel,ok,39.12,23.45,12.787,2.544,0.015,0.226
giantsteps-mtg-key,297757.LOFI.wav,g# minor	2,ab minor,1.0,correct,ok,38.5,22.745,12.384,3.043,0.011,0.22
giantsteps-mtg-key,297767.LOFI.wav,f minor	2,f minor,1.0,correct,ok,38.94,22.802,12.958,2.855,0.012,0.209
giantsteps-mtg-key,297768.LOFI.wav,f minor	2,f minor,1.0,correct,ok,38.5,22.342,13.111,2.746,0.008,0.186
giantsteps-mtg-key,297769.LOFI.wav,d minor	2,d minor,1.0,correct,ok,38.85,23.408,12.013,3.15,0.007,0.192
giantsteps-mtg-key,297804.LOFI.wav,e minor	2	dorian mode,e minor,1.0,correct,ok,41.77,25.123,12.773,3.52,0.01,0.224
giantsteps-mtg-key,297806.LOFI.wav,a# major	2,bb minor,0.2,parallel,ok,37.98,21.737,13.305,2.594,0.012,0.216
giantsteps-mtg-key,297807.LOFI.wav,f minor	2,f minor,1.0,correct,ok,38.54,22.478,13.065,2.662,0.011,0.208
giantsteps-mtg-key,297811.LOFI.wav,e minor	2,e minor,1.0,correct,ok,38.65,22.591,13.428,2.328,0.01,0.204
giantsteps-mtg-key,297818.LOFI.wav,g# major	2,eb minor,0.0,wrong,ok,39.07,23.091,12.345,3.217,0.019,0.261
giantsteps-mtg-key,297849.LOFI.wav,g minor	2,f minor,0.0,wrong,ok,43.54,26.652,13.842,2.743,0.009,0.208
giantsteps-mtg-key,297853.LOFI.wav,c# minor	2,c# minor,1.0,correct,ok,42.16,25.46,13.423,2.974,0.008,0.2
giantsteps-mtg-key,297879.LOFI.wav,d# minor	2,eb minor,1.0,correct,ok,39.83,23.674,13.554,2.31,0.008,0.187
giantsteps-mtg-key,297882.LOFI.wav,d# minor	2,eb minor,1.0,correct,ok,39.42,22.736,13.236,3.058,0.013,0.253
giantsteps-mtg-key,297889.LOFI.wav,"f major	2	but… confusion with d minor, its minor relative, is perceived",d minor,0.3,relative,ok,39.7,22.744,13.798,2.86,0.008,0.194
giantsteps-mtg-key,297890.LOFI.wav,"f major	2	but… confusion with d minor, its minor relative, is perceived",d minor,0.3,relative,ok,40.81,24.111,13.32,3.057,0.008,0.199
giantsteps-mtg-key,297895.LOFI.wav,c minor	2,c minor,1.0,correct,ok,40.96,23.856,14.222,2.583,0.007,0.192
giantsteps-mtg-key,297967.LOFI.wav,g minor	2,g minor,1.0,correct,ok,39.85,23.153,13.014,3.349,0.013,0.217
giantsteps-mtg-key,297994.LOFI.wav,f# minor	2,f# minor,1.0,correct,ok,38.17,22.107,13.008,2.749,0.007,0.219
giantsteps-mtg-key,297995.LOFI.wav,a# minor	2,f minor,0.5,fifth,ok,38.98,22.799,13.121,2.75,0.008,0.207
giantsteps-mtg-key,297996.LOFI.wav,f# minor	2,f# minor,1.0,correct,ok,39.52,23.254,13.503,2.47,0.01,0.203
giantsteps-mtg-key,298006.LOFI.wav,c minor	2,c minor,1.0,correct,ok,38.75,22.689,12.312,3.386,0.013,0.24
giantsteps-mtg-key,298011.LOFI.wav,g# major	2,ab minor,0.2,parallel,ok,39.99,23.38,13.414,2.894,0.008,0.182
giantsteps-mtg-key,298020.LOFI.wav,f major	2	lydian or augmented lydian mode,bb minor,0.0,wrong,ok,39.02,22.79,13.126,2.798,0.008,0.19
giantsteps-mtg-key,298054.LOFI.wav,b minor	2,b minor,1.0,correct,ok,39.5,23.347,13.083,2.784,0.008,0.191
giantsteps-mtg-key,298080.LOFI.wav,d# major	2,d minor,0.0,wrong,ok,38.83,22.5,12.902,3.073,0.015,0.231
giantsteps-mtg-key,298082.LOFI.wav,f major	2,d minor,0.3,relative,ok,37.87,21.998,13.068,2.479,0.007,0.226
giantsteps-mtg-key,298104.LOFI.wav,c minor	2,c minor,1.0,correct,ok,39.38,23.011,13.213,2.79,0.007,0.28
giantsteps-mtg-key,298110.LOFI.wav,c# minor	2,c# minor,1.0,correct,ok,38.95,23.092,13.0,2.577,0.007,0.185
giantsteps-mtg-key,298111.LOFI.wav,b minor	2,b minor,1.0,correct,ok,38.72,22.847,12.599,2.878,0.014,0.256
giantsteps-mtg-key,298129.LOFI.wav,c# minor	2,c# minor,1.0,correct,ok,39.7,23.51,13.146,2.681,0.019,0.227
giantsteps-mtg-key,298134.LOFI.wav,a major	2,a minor,0.2,parallel,ok,38.2,22.199,13.04,2.692,0.008,0.181
giantsteps-mtg-key,298169.LOFI.wav,f minor	2,d minor,0.0,wrong,ok,39.28,22.94,13.332,2.677,0.01,0.224
giantsteps-mtg-key,298170.LOFI.wav,c minor	2,c minor,1.0,correct,ok,38.35,22.828,12.493,2.72,0.007,0.203
giantsteps-mtg-key,298172.LOFI.wav,d minor	2,d minor,1.0,correct,ok,39.83,23.342,13.199,2.903,0.013,0.255
giantsteps-mtg-key,298173.LOFI.wav,c minor	2,f minor,0.5,fifth,ok,39.92,23.869,13.152,2.537,0.009,0.228
giantsteps-mtg-key,298193.LOFI.wav,g minor	2,g minor,1.0,correct,ok,39.8,23.615,13.188,2.634,0.01,0.25
giantsteps-mtg-key,298211.LOFI.wav,a# minor	2,bb minor,1.0,correct,ok,39.16,22.912,13.248,2.73,0.007,0.179
giantsteps-mtg-key,298215.LOFI.wav,a major	2,a minor,0.2,parallel,ok,37.86,22.503,12.403,2.618,0.009,0.223
giantsteps-mtg-key,298216.LOFI.wav,f major	2,f minor,0.2,parallel,ok,39.3,23.22,13.259,2.542,0.008,0.184
giantsteps-mtg-key,298226.LOFI.wav,f minor	2,f minor,1.0,correct,ok,38.45,23.218,12.565,2.395,0.007,0.184
giantsteps-mtg-key,298319.LOFI.wav,a# major	2,f minor,0.0,wrong,ok,41.38,25.157,12.488,3.415,0.01,0.212
giantsteps-mtg-key,298327.LOFI.wav,d minor	2,d minor,1.0,correct,ok,38.03,22.547,12.586,2.613,0.008,0.181
giantsteps-mtg-key,298332.LOFI.wav,d minor	2,d minor,1.0,correct,ok,38.15,21.939,12.902,2.877,0.013,0.288
giantsteps-mtg-key,298334.LOFI.wav,f minor	2,c minor,0.5,fifth,ok,38.53,22.547,13.342,2.326,0.012,0.206
giantsteps-mtg-key,298398.LOFI.wav,f# major	2,bb minor,0.0,wrong,ok,40.26,23.359,13.098,3.422,0.013,0.258
giantsteps-mtg-key,298399.LOFI.wav,f minor	2,f minor,1.0,correct,ok,43.0,26.107,13.66,2.943,0.009,0.198
giantsteps-mtg-key,298429.LOFI.wav,f minor	2,f minor,1.0,correct,ok,41.52,24.693,13.012,3.528,0.008,0.194
giantsteps-mtg-key,298430.LOFI.wav,f minor	2,f minor,1.0,correct,ok,39.65,23.868,13.068,2.419,0.011,0.199
giantsteps-mtg-key,298431.LOFI.wav,c minor	2,c minor,1.0,correct,ok,38.69,22.853,12.366,3.095,0.014,0.258
giantsteps-mtg-key,298474.LOFI.wav,g minor	2,g minor,1.0,correct,ok,39.86,22.91,13.759,2.866,0.014,0.211
giantsteps-mtg-key,298525.LOFI.wav,c minor	2,c minor,1.0,correct,ok,39.54,23.513,13.219,2.534,0.008,0.182
giantsteps-mtg-key,298530.LOFI.wav,a minor	2,a minor,1.0,correct,ok,39.76,23.683,13.397,2.402,0.008,0.182
giantsteps-mtg-key,298532.LOFI.wav,c minor	2,c minor,1.0,correct,ok,39.83,23.043,12.956,3.464,0.013,0.244
giantsteps-mtg-key,298535.LOFI.wav,f minor	2,f minor,1.0,correct,ok,39.54,22.902,13.678,2.568,0.012,0.259
giantsteps-mtg-key,298536.LOFI.wav,b minor	2,b minor,1.0,correct,ok,40.37,24.168,13.118,2.645,0.008,0.352
giantsteps-mtg-key,298763.LOFI.wav,a minor	2,a minor,1.0,correct,ok,39.7,23.424,13.413,2.549,0.009,0.203
giantsteps-mtg-key,298764.LOFI.wav,a minor	2,a minor,1.0,correct,ok,40.93,23.072,13.449,4.039,0.01,0.257
giantsteps-mtg-key,298791.LOFI.wav,d minor	2,d minor,1.0,correct,ok,38.59,22.538,13.288,2.436,0.014,0.201
giantsteps-mtg-key,298795.LOFI.wav,"f major	2	mode is clearly major, but there are little movements to minor mode in the second half (short appearances of ab). anyway, key is f major",f minor,0.2,parallel,ok,39.98,23.756,13.184,2.75,0.008,0.181
giantsteps-mtg-key,298805.LOFI.wav,f minor	2,c minor,0.5,fifth,ok,39.71,23.827,13.321,2.271,0.012,0.195
giantsteps-mtg-key,298817.LOFI.wav,c minor	2,c minor,1.0,correct,ok,39.27,22.816,12.369,3.355,0.025,0.431
giantsteps-mtg-key,298824.LOFI.wav,f minor	2	frygian mode,f minor,1.0,correct,ok,41.02,24.778,13.52,2.42,0.008,0.211
giantsteps-mtg-key,298846.LOFI.wav,f minor	2,f minor,1.0,correct,ok,42.46,24.079,15.077,2.977,0.01,0.216
giantsteps-mtg-key,298850.LOFI.wav,f minor	2,f minor,1.0,correct,ok,40.3,23.998,13.683,2.327,0.01,0.195
giantsteps-mtg-key,298860.LOFI.wav,g minor	2,g minor,1.0,correct,ok,41.24,23.827,13.145,3.965,0.007,0.195
giantsteps-mtg-key,298863.LOFI.wav,"g# major	2	confusion between key, g# major, and its dominant relative, d# major, is easy",ab minor,0.2,parallel,ok,39.84,23.437,13.768,2.343,0.01,0.198
giantsteps-mtg-key,298866.LOFI.wav,f major	2,f minor,0.2,parallel,ok,39.99,23.173,13.599,2.923,0.009,0.192
giantsteps-mtg-key,298880.LOFI.wav,d# minor	2,bb minor,0.5,fifth,ok,39.28,23.761,12.764,2.477,0.008,0.192
giantsteps-mtg-key,298914.LOFI.wav,d major	2,f# minor,0.0,wrong,ok,39.89,23.405,12.866,3.342,0.007,0.182
giantsteps-mtg-key,298915.LOFI.wav,d major	2,f# minor,0.0,wrong,ok,40.01,24.111,13.145,2.471,0.008,0.192
giantsteps-mtg-key,298938.LOFI.wav,a minor	2,a minor,1.0,correct,ok,39.16,22.347,13.91,2.62,0.007,0.185
giantsteps-mtg-key,298940.LOFI.wav,g# minor	2,eb minor,0.5,fifth,ok,38.88,22.994,13.14,2.467,0.007,0.188
giantsteps-mtg-key,298944.LOFI.wav,g# major	2,Ab major,1.0,correct,ok,39.27,22.486,13.249,3.217,0.008,0.211
giantsteps-mtg-key,298951.LOFI.wav,c minor	2,c minor,1.0,correct,ok,39.38,23.681,12.926,2.462,0.012,0.206
giantsteps-mtg-key,298984.LOFI.wav,d# major	2,c minor,0.3,relative,ok,39.04,22.717,12.348,3.663,0.007,0.207
giantsteps-mtg-key,298985.LOFI.wav,d# major	2,c minor,0.3,relative,ok,39.37,23.343,13.301,2.456,0.008,0.181
giantsteps-mtg-key,298986.LOFI.wav,d# major	2,Eb major,1.0,correct,ok,39.22,23.44,12.223,3.267,0.009,0.192
giantsteps-mtg-key,298987.LOFI.wav,d# major	2,Eb major,1.0,correct,ok,39.03,23.461,12.807,2.499,0.008,0.175
giantsteps-mtg-key,298992.LOFI.wav,g major	2,D major,0.5,fifth,ok,38.64,22.6,12.914,2.835,0.007,0.192
giantsteps-mtg-key,298998.LOFI.wav,d# minor	2,eb minor,1.0,correct,ok,38.66,23.012,12.909,2.47,0.008,0.189
giantsteps-mtg-key,299003.LOFI.wav,a minor	2,a minor,1.0,correct,ok,38.03,22.948,11.98,2.786,0.008,0.218
giantsteps-mtg-key,299025.LOFI.wav,a minor	2,a minor,1.0,correct,ok,39.82,24.184,12.904,2.42,0.008,0.211
giantsteps-mtg-key,299031.LOFI.wav,g major	2,g minor,0.2,parallel,ok,39.07,22.687,13.321,2.755,0.018,0.201
giantsteps-mtg-key,299032.LOFI.wav,g major	2,g minor,0.2,parallel,ok,38.88,23.418,12.752,2.427,0.007,0.191
giantsteps-mtg-key,299040.LOFI.wav,a minor	2,d minor,0.5,fifth,ok,39.13,23.324,12.538,2.909,0.012,0.24
giantsteps-mtg-key,299041.LOFI.wav,f minor	2,f minor,1.0,correct,ok,38.27,22.416,13.127,2.443,0.008,0.183
giantsteps-mtg-key,299050.LOFI.wav,"a major	2	major mode is not completely clear, but it is major",c# minor,0.0,wrong,ok,38.83,22.83,12.493,3.217,0.008,0.185
giantsteps-mtg-key,299059.LOFI.wav,g minor	2,g minor,1.0,correct,ok,39.06,23.111,13.249,2.409,0.008,0.199
giantsteps-mtg-key,299063.LOFI.wav,a major	2,a minor,0.2,parallel,ok,39.35,23.21,12.597,3.233,0.008,0.204
giantsteps-mtg-key,299064.LOFI.wav,e minor	2,a minor,0.5,fifth,ok,39.32,23.61,12.596,2.649,0.009,0.258
giantsteps-mtg-key,299071.LOFI.wav,a major	2,a minor,0.2,parallel,ok,40.32,22.51,13.629,3.883,0.007,0.194
giantsteps-mtg-key,299073.LOFI.wav,e major	2,e minor,0.2,parallel,ok,41.03,24.456,13.796,2.492,0.008,0.197
giantsteps-mtg-key,299074.LOFI.wav,c# minor	2	confusion with e major is possible,c# minor,1.0,correct,ok,40.84,23.612,12.856,4.07,0.008,0.193
giantsteps-mtg-key,299114.LOFI.wav,g# major	2,f minor,0.3,relative,ok,40.85,23.129,14.24,3.121,0.011,0.202
giantsteps-mtg-key,29912.LOFI.wav,d# minor	2,eb minor,1.0,correct,ok,43.37,22.685,16.156,3.936,0.018,0.269
giantsteps-mtg-key,299157.LOFI.wav,f minor	2,f minor,1.0,correct,ok,44.0,26.232,14.333,3.078,0.007,0.267
giantsteps-mtg-key,299159.LOFI.wav,a minor	2,a minor,1.0,correct,ok,42.93,25.994,12.923,3.708,0.008,0.209
giantsteps-mtg-key,299160.LOFI.wav,a minor	2,a minor,1.0,correct,ok,41.43,24.551,13.884,2.645,0.008,0.253
giantsteps-mtg-key,299191.LOFI.wav,a minor	2,a minor,1.0,correct,ok,39.49,22.64,13.999,2.487,0.01,0.252
giantsteps-mtg-key,299298.LOFI.wav,d minor	2,d minor,1.0,correct,ok,40.49,24.048,13.85,2.325,0.007,0.181
giantsteps-mtg-key,299306.LOFI.wav,f major	2,d minor,0.3,relative,ok,40.76,23.615,12.296,4.525,0.01,0.208
giantsteps-mtg-key,299310.LOFI.wav,c minor	2,c minor,1.0,correct,ok,41.08,24.553,13.62,2.617,0.009,0.183
giantsteps-mtg-key,299311.LOFI.wav,c minor	2,a minor,0.0,wrong,ok,40.7,23.608,13.848,2.741,0.009,0.393
giantsteps-mtg-key,299355.LOFI.wav,g major	2,b minor,0.0,wrong,ok,40.43,23.843,13.961,2.338,0.007,0.204
giantsteps-mtg-key,299365.LOFI.wav,f major	2,f minor,0.2,parallel,ok,40.8,22.897,13.102,4.481,0.009,0.203
giantsteps-mtg-key,299396.LOFI.wav,b minor	2,a minor,0.0,wrong,ok,41.09,24.533,13.836,2.415,0.01,0.207
giantsteps-mtg-key,299401.LOFI.wav,b major	2,ab minor,0.3,relative,ok,40.11,23.044,14.013,2.766,0.007,0.192
giantsteps-mtg-key,299450.LOFI.wav,a# major	2,g minor,0.3,relative,ok,40.42,24.344,13.353,2.418,0.01,0.197
giantsteps-mtg-key,299452.LOFI.wav,f minor	2,f minor,1.0,correct,ok,40.83,24.017,12.332,4.16,0.011,0.212
giantsteps-mtg-key,299453.LOFI.wav,f minor	2,f minor,1.0,correct,ok,40.25,24.414,13.071,2.479,0.008,0.199
giantsteps-mtg-key,299454.LOFI.wav,c minor	2,c minor,1.0,correct,ok,39.51,22.919,13.118,3.141,0.009,0.186
giantsteps-mtg-key,299455.LOFI.wav,c minor	2,c minor,1.0,correct,ok,39.22,23.472,13.062,2.396,0.009,0.186
giantsteps-mtg-key,299456.LOFI.wav,c minor	2,c minor,1.0,correct,ok,39.21,23.133,12.805,2.928,0.013,0.229
giantsteps-mtg-key,299457.LOFI.wav,f minor	2,f minor,1.0,correct,ok,40.17,24.562,12.955,2.362,0.009,0.2
giantsteps-mtg-key,299459.LOFI.wav,f minor	2	frygian approach,f minor,1.0,correct,ok,40.69,24.032,13.356,3.015,0.007,0.195
giantsteps-mtg-key,299462.LOFI.wav,e minor	2,a minor,0.5,fifth,ok,39.34,23.462,12.563,3.026,0.009,0.194
giantsteps-mtg-key,299464.LOFI.wav,b major	2,b minor,0.2,parallel,ok,39.29,23.303,12.586,3.046,0.012,0.24
giantsteps-mtg-key,299465.LOFI.wav,e major	2,c# minor,0.3,relative,ok,39.7,23.5,13.262,2.541,0.008,0.195
giantsteps-mtg-key,299466.LOFI.wav,f major	2,F major,1.0,correct,ok,39.17,22.592,13.277,3.015,0.007,0.19
giantsteps-mtg-key,299467.LOFI.wav,g major	2,a minor,0.0,wrong,ok,39.36,23.239,13.382,2.456,0.009,0.191
giantsteps-mtg-key,299468.LOFI.wav,a major	2,A major,1.0,correct,ok,39.3,23.356,12.081,3.5,0.012,0.237
giantsteps-mtg-key,299470.LOFI.wav,g major	2,e minor,0.3,relative,ok,39.19,23.09,13.241,2.486,0.009,0.243
giantsteps-mtg-key,299471.LOFI.wav,f major	2,d minor,0.3,relative,ok,38.42,22.159,13.104,2.847,0.008,0.215
giantsteps-mtg-key,299472.LOFI.wav,g major	2,a minor,0.0,wrong,ok,39.52,23.223,13.582,2.426,0.008,0.187
giantsteps-mtg-key,299473.LOFI.wav,f major	2,a minor,0.0,wrong,ok,39.56,23.177,12.887,3.2,0.008,0.2
giantsteps-mtg-key,299474.LOFI.wav,g major	2,e minor,0.3,relative,ok,38.67,23.118,12.859,2.395,0.008,0.209
giantsteps-mtg-key,299475.LOFI.wav,f major	2,d minor,0.3,relative,ok,40.23,23.411,13.125,3.376,0.008,0.192
giantsteps-mtg-key,299482.LOFI.wav,a major	2,c# minor,0.0,wrong,ok,39.18,22.763,13.592,2.549,0.008,0.186
giantsteps-mtg-key,299483.LOFI.wav,g major	2,e minor,0.3,relative,ok,39.56,23.738,12.496,2.961,0.007,0.273
giantsteps-mtg-key,299486.LOFI.wav,e major	2,c# minor,0.3,relative,ok,39.86,23.941,13.144,2.503,0.008,0.181
giantsteps-mtg-key,299488.LOFI.wav,e minor	2,e minor,1.0,correct,ok,39.37,22.895,13.147,3.062,0.008,0.187
giantsteps-mtg-key,299489.LOFI.wav,d major	2,d minor,0.2,parallel,ok,39.11,23.104,13.286,2.457,0.007,0.175
giantsteps-mtg-key,299490.LOFI.wav,f# major	2,F# major,1.0,correct,ok,38.71,23.151,12.486,2.726,0.011,0.235
giantsteps-mtg-key,299491.LOFI.wav,d major	2	mixolydian scale,d minor,0.2,parallel,ok,39.93,23.714,13.225,2.667,0.014,0.206
giantsteps-mtg-key,299493.LOFI.wav,a major	2,a minor,0.2,parallel,ok,39.44,22.729,12.999,3.411,0.009,0.206
giantsteps-mtg-key,299503.LOFI.wav,c major	2,c minor,0.2,parallel,ok,38.74,22.69,13.224,2.536,0.009,0.189
giantsteps-mtg-key,299507.LOFI.wav,f minor	2	frygian scale,f# minor,0.0,wrong,ok,39.36,23.386,12.613,3.033,0.008,0.219
giantsteps-mtg-key,299509.LOFI.wav,d major	2	mixolydian scale,d minor,0.2,parallel,ok,38.16,22.845,12.432,2.397,0.021,0.32
giantsteps-mtg-key,299511.LOFI.wav,d major	2,e minor,0.0,wrong,ok,38.99,22.761,12.92,3.03,0.008,0.178
giantsteps-mtg-key,299513.LOFI.wav,c# major	2,Db major,1.0,correct,ok,39.48,22.957,13.731,2.487,0.009,0.205
giantsteps-mtg-key,299546.LOFI.wav,f minor	2,f minor,1.0,correct,ok,39.42,23.477,12.229,3.293,0.015,0.283
giantsteps-mtg-key,299547.LOFI.wav,f# minor	2,f# minor,1.0,correct,ok,39.82,23.887,13.057,2.563,0.01,0.202
giantsteps-mtg-key,299625.LOFI.wav,c major	2,c minor,0.2,parallel,ok,39.17,22.445,13.516,2.939,0.006,0.182
giantsteps-mtg-key,299657.LOFI.wav,c minor	2,c minor,1.0,correct,ok,39.08,22.844,13.397,2.545,0.007,0.201
giantsteps-mtg-key,299665.LOFI.wav,g# major	2,c minor,0.0,wrong,ok,38.49,22.548,12.843,2.754,0.009,0.231
giantsteps-mtg-key,299667.LOFI.wav,a major	2,a minor,0.2,parallel,ok,39.26,23.432,13.045,2.441,0.011,0.231
giantsteps-mtg-key,299668.LOFI.wav,a minor	2	frygian scale,f# minor,0.0,wrong,ok,39.86,23.903,12.544,3.092,0.011,0.215
giantsteps-mtg-key,299669.LOFI.wav,c minor	2	frygian scale,c minor,1.0,correct,ok,38.87,23.228,12.806,2.568,0.008,0.186
giantsteps-mtg-key,299679.LOFI.wav,f major	2,d minor,0.3,relative,ok,39.39,23.017,12.875,3.17,0.008,0.209
giantsteps-mtg-key,299681.LOFI.wav,c minor	2,c minor,1.0,correct,ok,38.55,22.705,12.631,2.905,0.007,0.219
giantsteps-mtg-key,299701.LOFI.wav,a# minor	2,eb minor,0.5,fifth,ok,38.96,22.74,13.225,2.702,0.01,0.198
giantsteps-mtg-key,2997186.LOFI.wav,b minor	2,b minor,1.0,correct,ok,39.5,23.459,13.165,2.571,0.009,0.197
giantsteps-mtg-key,299729.LOFI.wav,c minor	2,c minor,1.0,correct,ok,39.22,22.817,12.663,3.371,0.013,0.24
giantsteps-mtg-key,299739.LOFI.wav,f minor	2,bb minor,0.5,fifth,ok,39.06,23.546,12.867,2.376,0.008,0.18
giantsteps-mtg-key,299743.LOFI.wav,f# major	2	mixolydian scale,f# minor,0.2,parallel,ok,39.24,23.06,13.016,2.824,0.009,0.232
giantsteps-mtg-key,299754.LOFI.wav,g minor	2,d minor,0.5,fifth,ok,38.81,22.855,13.074,2.57,0.007,0.204
giantsteps-mtg-key,299767.LOFI.wav,c minor	2,c minor,1.0,correct,ok,38.91,22.88,12.887,2.806,0.013,0.225
giantsteps-mtg-key,299769.LOFI.wav,f minor	2,f minor,1.0,correct,ok,39.02,23.563,12.708,2.444,0.008,0.206
giantsteps-mtg-key,299772.LOFI.wav,c minor	2,c minor,1.0,correct,ok,38.58,22.798,12.491,3.001,0.007,0.193
giantsteps-mtg-key,299773.LOFI.wav,f minor	2,f minor,1.0,correct,ok,39.17,22.955,12.86,3.042,0.008,0.19
giantsteps-mtg-key,299782.LOFI.wav,c# minor	2,c# minor,1.0,correct,ok,39.57,23.475,12.787,2.986,0.008,0.214
giantsteps-mtg-key,299786.LOFI.wav,f minor	2,f minor,1.0,correct,ok,39.92,23.843,12.678,3.017,0.016,0.256
giantsteps-mtg-key,299789.LOFI.wav,g# major	2,c minor,0.0,wrong,ok,39.01,22.449,13.634,2.658,0.008,0.18
giantsteps-mtg-key,299792.LOFI.wav,a# minor	2,f minor,0.5,fifth,ok,41.12,23.146,15.149,2.531,0.01,0.202
giantsteps-mtg-key,299801.LOFI.wav,a minor	2,a minor,1.0,correct,ok,24.04,11.072,10.691,2.009,0.008,0.206
giantsteps-mtg-key,299807.LOFI.wav,d# major	2,eb minor,0.2,parallel,ok,40.11,23.71,13.319,2.798,0.007,0.189
giantsteps-mtg-key,299808.LOFI.wav,d# major	2,eb minor,0.2,parallel,ok,38.64,22.871,13.043,2.455,0.009,0.187
giantsteps-mtg-key,299809.LOFI.wav,c minor	2,c minor,1.0,correct,ok,39.71,22.871,12.994,3.548,0.01,0.187
giantsteps-mtg-key,299810.LOFI.wav,c minor	2,c minor,1.0,correct,ok,41.95,25.62,13.106,2.874,0.007,0.25
giantsteps-mtg-key,299811.LOFI.wav,d# major	2,eb minor,0.2,parallel,ok,38.31,22.852,12.703,2.393,0.011,0.232
giantsteps-mtg-key,299812.LOFI.wav,e major	2,e minor,0.2,parallel,ok,39.84,24.333,12.789,2.424,0.011,0.195
giantsteps-mtg-key,299817.LOFI.wav,f minor	2,d minor,0.0,wrong,ok,38.65,23.015,12.426,2.877,0.01,0.212
giantsteps-mtg-key,299832.LOFI.wav,c# major	2,Db major,1.0,correct,ok,39.78,23.277,13.723,2.472,0.009,0.207
giantsteps-mtg-key,299834.LOFI.wav,c# major	2,c# minor,0.2,parallel,ok,39.9,23.491,13.39,2.735,0.007,0.19
giantsteps-mtg-key,299835.LOFI.wav,c# major	2,c# minor,0.2,parallel,ok,38.27,22.605,12.89,2.486,0.008,0.194
giantsteps-mtg-key,299836.LOFI.wav,c# major	2,c# minor,0.2,parallel,ok,39.43,22.81,13.526,2.77,0.012,0.218
giantsteps-mtg-key,299847.LOFI.wav,d minor	2,d minor,1.0,correct,ok,39.81,23.097,13.759,2.632,0.01,0.217
giantsteps-mtg-key,299869.LOFI.wav,a major	2,f# minor,0.3,relative,ok,40.38,23.547,13.807,2.735,0.008,0.19
giantsteps-mtg-key,299870.LOFI.wav,d major	2,g minor,0.0,wrong,ok,40.61,24.785,12.665,2.855,0.009,0.208
giantsteps-mtg-key,299887.LOFI.wav,f minor	2,f minor,1.0,correct,ok,40.07,23.118,13.487,3.079,0.015,0.27
giantsteps-mtg-key,299904.LOFI.wav,c major	2,c minor,0.2,parallel,ok,39.06,22.881,13.354,2.54,0.008,0.182
giantsteps-mtg-key,299905.LOFI.wav,c# major	2	mixolydian scale,c# minor,0.2,parallel,ok,39.71,23.313,13.251,2.86,0.009,0.196
giantsteps-mtg-key,299932.LOFI.wav,f major	2,f minor,0.2,parallel,ok,39.32,23.734,12.88,2.441,0.008,0.174
giantsteps-mtg-key,299933.LOFI.wav,c minor	2,c minor,1.0,correct,ok,39.95,22.895,13.122,3.539,0.013,0.264
giantsteps-mtg-key,299943.LOFI.wav,d# minor	2,eb minor,1.0,correct,ok,39.52,22.953,13.832,2.458,0.008,0.187
giantsteps-mtg-key,299945.LOFI.wav,b minor	2,c# minor,0.0,wrong,ok,39.93,23.697,13.348,2.515,0.014,0.248
giantsteps-mtg-key,299968.LOFI.wav,b minor	2,f# minor,0.5,fifth,ok,41.35,25.454,13.14,2.448,0.009,0.204
giantsteps-mtg-key,299976.LOFI.wav,a minor	2,a minor,1.0,correct,ok,39.28,22.349,13.643,2.987,0.008,0.19
giantsteps-mtg-key,299977.LOFI.wav,f# minor	2,f# minor,1.0,correct,ok,40.35,24.133,13.407,2.43,0.008,0.293
giantsteps-mtg-key,299978.LOFI.wav,f minor	2,f minor,1.0,correct,ok,40.62,23.82,13.649,2.585,0.008,0.47
giantsteps-mtg-key,299994.LOFI.wav,d# minor	2,eb minor,1.0,correct,ok,38.51,22.852,12.869,2.513,0.009,0.187
giantsteps-mtg-key,299995.LOFI.wav,a major	2,f# minor,0.3,relative,ok,41.09,22.941,13.022,4.743,0.013,0.239
giantsteps-mtg-key,3010576.LOFI.wav,f minor	2,f minor,1.0,correct,ok,39.65,22.902,13.976,2.424,0.007,0.258
giantsteps-mtg-key,3014691.LOFI.wav,b major	2,ab minor,0.3,relative,ok,40.87,24.982,13.16,2.431,0.007,0.206
giantsteps-mtg-key,3014758.LOFI.wav,f# major	2,c# minor,0.0,wrong,ok,41.21,25.697,12.801,2.437,0.007,0.184
giantsteps-mtg-key,3018901.LOFI.wav,g minor	2,g minor,1.0,correct,ok,40.81,22.732,13.245,4.525,0.009,0.199
giantsteps-mtg-key,3020003.LOFI.wav,g# minor	2,F# major,0.0,wrong,ok,40.15,23.408,14.031,2.419,0.009,0.193
giantsteps-mtg-key,3027735.LOFI.wav,f minor	2	in some fragments key modulates to c minor,c minor,0.5,fifth,ok,40.5,23.539,13.888,2.799,0.008,0.186
giantsteps-mtg-key,30278.LOFI.wav,d major	2,b minor,0.3,relative,ok,41.57,25.745,13.142,2.415,0.007,0.173
giantsteps-mtg-key,3028271.LOFI.wav,c# major	2,c# minor,0.2,parallel,ok,40.3,22.78,13.604,3.545,0.012,0.252
giantsteps-mtg-key,3028806.LOFI.wav,g minor	2,g minor,1.0,correct,ok,41.23,24.777,13.719,2.41,0.007,0.235
giantsteps-mtg-key,3034770.LOFI.wav,c# minor	2,d minor,0.0,wrong,ok,40.03,23.684,13.531,2.529,0.008,0.192
giantsteps-mtg-key,3044568.LOFI.wav,g minor	2,g minor,1.0,correct,ok,39.31,24.0,12.619,2.424,0.01,0.175
giantsteps-mtg-key,3052009.LOFI.wav,c# major	2,c# minor,0.2,parallel,ok,41.8,22.748,15.382,3.39,0.008,0.189
giantsteps-mtg-key,3062618.LOFI.wav,c minor	2,c minor,1.0,correct,ok,39.94,23.686,13.475,2.503,0.007,0.181
giantsteps-mtg-key,307186.LOFI.wav,e minor	2,e minor,1.0,correct,ok,38.82,23.33,12.721,2.431,0.011,0.237
giantsteps-mtg-key,3074103.LOFI.wav,g major	2	there are modulations to e minor,e minor,0.3,relative,ok,41.55,24.187,13.804,2.973,0.007,0.479
giantsteps-mtg-key,307425.LOFI.wav,c minor	2	frygian mode,c minor,1.0,correct,ok,39.51,22.744,13.623,2.78,0.014,0.243
giantsteps-mtg-key,3078576.LOFI.wav,d minor	2,d minor,1.0,correct,ok,41.62,25.927,12.779,2.619,0.007,0.173
giantsteps-mtg-key,3086101.LOFI.wav,g minor	2,g minor,1.0,correct,ok,38.49,23.065,12.453,2.612,0.008,0.267
giantsteps-mtg-key,3093686.LOFI.wav,c major	2,d minor,0.0,wrong,ok,38.15,22.711,12.483,2.671,0.007,0.187
giantsteps-mtg-key,3095574.LOFI.wav,d minor	2,d minor,1.0,correct,ok,39.21,22.889,13.221,2.791,0.012,0.22
giantsteps-mtg-key,3098555.LOFI.wav,g minor	2,g minor,1.0,correct,ok,39.06,23.341,12.714,2.694,0.007,0.222
giantsteps-mtg-key,3126447.LOFI.wav,d# minor	2,eb minor,1.0,correct,ok,38.95,23.086,12.914,2.616,0.008,0.227
giantsteps-mtg-key,312995.LOFI.wav,g# minor	2,ab minor,1.0,correct,ok,39.03,22.981,13.025,2.703,0.007,0.219
giantsteps-mtg-key,3137109.LOFI.wav,c# minor	2,c# minor,1.0,correct,ok,38.41,22.501,13.31,2.304,0.007,0.204
giantsteps-mtg-key,3139360.LOFI.wav,c minor	2,c minor,1.0,correct,ok,39.48,23.922,12.807,2.446,0.007,0.214
giantsteps-mtg-key,3141667.LOFI.wav,c# minor	2,f# minor,0.5,fifth,ok,38.45,22.654,12.788,2.704,0.008,0.215
giantsteps-mtg-key,315480.LOFI.wav,b minor	2,b minor,1.0,correct,ok,39.0,22.466,13.36,2.867,0.008,0.207
giantsteps-mtg-key,3154894.LOFI.wav,c# minor	2,c# minor,1.0,correct,ok,40.1,23.91,13.024,2.867,0.008,0.201
giantsteps-mtg-key,316031.LOFI.wav,c# minor	2,bb minor,0.0,wrong,ok,38.56,22.908,12.846,2.499,0.009,0.195
giantsteps-mtg-key,3161699.LOFI.wav,d minor	2,d minor,1.0,correct,ok,39.13,22.977,12.784,3.056,0.031,0.196
giantsteps-mtg-key,3162448.LOFI.wav,c# minor	2,c# minor,1.0,correct,ok,40.37,22.918,14.331,2.833,0.01,0.196
giantsteps-mtg-key,3166014.LOFI.wav,a major	2,a minor,0.2,parallel,ok,40.25,23.528,13.631,2.801,0.009,0.197
giantsteps-mtg-key,3198358.LOFI.wav,g minor	2,g minor,1.0,correct,ok,40.01,24.485,12.74,2.505,0.008,0.184
giantsteps-mtg-key,3205441.LOFI.wav,g minor	2,d minor,0.5,fifth,ok,39.9,22.975,13.587,3.06,0.008,0.189
giantsteps-mtg-key,3207588.LOFI.wav,f# major	2,c# minor,0.0,wrong,ok,39.51,22.346,14.197,2.642,0.01,0.213
giantsteps-mtg-key,3213612.LOFI.wav,c minor	2,c minor,1.0,correct,ok,40.99,23.72,14.256,2.708,0.007,0.202
giantsteps-mtg-key,3230155.LOFI.wav,b minor	2,b minor,1.0,correct,ok,40.53,24.494,12.652,3.016,0.055,0.222
giantsteps-mtg-key,3235703.LOFI.wav,e minor	2,e minor,1.0,correct,ok,40.73,23.369,14.0,3.071,0.008,0.196
giantsteps-mtg-key,3240761.LOFI.wav,a# major	2,Bb major,1.0,correct,ok,39.82,23.35,13.766,2.371,0.011,0.218
giantsteps-mtg-key,3250046.LOFI.wav,f# major	2,f minor,0.0,wrong,ok,39.96,23.283,13.676,2.691,0.012,0.203
giantsteps-mtg-key,3252056.LOFI.wav,f minor	2,f minor,1.0,correct,ok,40.39,24.626,12.891,2.589,0.008,0.185
giantsteps-mtg-key,3257500.LOFI.wav,e minor	2,e minor,1.0,correct,ok,40.19,23.065,13.695,3.11,0.008,0.208
giantsteps-mtg-key,326117.LOFI.wav,f# minor	2,f# minor,1.0,correct,ok,39.53,23.246,13.622,2.384,0.007,0.181
giantsteps-mtg-key,32715.LOFI.wav,b minor	2,f# minor,0.5,fifth,ok,39.8,23.347,13.42,2.707,0.011,0.224
giantsteps-mtg-key,3272193.LOFI.wav,g major	2,g minor,0.2,parallel,ok,39.77,24.396,12.636,2.438,0.008,0.187
giantsteps-mtg-key,3286229.LOFI.wav,e minor	2,e minor,1.0,correct,ok,40.37,23.556,12.946,3.476,0.014,0.258
giantsteps-mtg-key,3286310.LOFI.wav,g# minor	2,ab minor,1.0,correct,ok,39.49,22.885,13.791,2.532,0.011,0.174
giantsteps-mtg-key,3292669.LOFI.wav,a# major	2	key is a# minor from begining to 0:28; from 0:28 to end key is a# major,f minor,0.0,wrong,ok,38.74,23.237,12.656,2.406,0.009,0.319
giantsteps-mtg-key,3296534.LOFI.wav,c minor	2,c minor,1.0,correct,ok,40.41,25.048,12.602,2.462,0.01,0.179
giantsteps-mtg-key,3298819.LOFI.wav,c# minor	2	locrian mode,c# minor,1.0,correct,ok,40.12,24.118,12.411,3.257,0.012,0.213
giantsteps-mtg-key,3299235.LOFI.wav,c minor	2,c minor,1.0,correct,ok,40.1,23.584,13.626,2.603,0.008,0.196
giantsteps-mtg-key,330141.LOFI.wav,g# minor	2,ab minor,1.0,correct,ok,38.88,22.845,12.976,2.704,0.009,0.233
giantsteps-mtg-key,3303218.LOFI.wav,f# major	2,eb minor,0.3,relative,ok,38.51,22.823,12.895,2.496,0.007,0.213
giantsteps-mtg-key,3311376.LOFI.wav,g major	2,d minor,0.0,wrong,ok,38.36,22.4,12.62,3.049,0.009,0.191
giantsteps-mtg-key,331595.LOFI.wav,c major	2,g minor,0.0,wrong,ok,39.85,23.525,13.405,2.606,0.008,0.207
giantsteps-mtg-key,3318291.LOFI.wav,g# major	2,f minor,0.3,relative,ok,39.33,23.548,13.168,2.323,0.008,0.204
giantsteps-mtg-key,3327760.LOFI.wav,c minor	2,c minor,1.0,correct,ok,41.23,24.547,13.705,2.668,0.009,0.204
giantsteps-mtg-key,333831.LOFI.wav,f# minor	2,f# minor,1.0,correct,ok,38.74,22.447,12.991,2.96,0.015,0.234
giantsteps-mtg-key,3341440.LOFI.wav,e minor	2,e minor,1.0,correct,ok,39.02,22.793,13.463,2.49,0.007,0.184
giantsteps-mtg-key,3356780.LOFI.wav,e minor	2,c# minor,0.0,wrong,ok,41.41,24.905,13.638,2.598,0.006,0.185
giantsteps-mtg-key,33583.LOFI.wav,e minor	2,e minor,1.0,correct,ok,38.18,22.534,12.873,2.503,0.008,0.182
giantsteps-mtg-key,335862.LOFI.wav,c major	2	possible confusion with a minor,f minor,0.0,wrong,ok,39.24,23.221,12.822,2.869,0.012,0.22
giantsteps-mtg-key,3359168.LOFI.wav,g minor	2,c minor,0.5,fifth,ok,39.39,22.778,13.846,2.463,0.008,0.198
giantsteps-mtg-key,3360682.LOFI.wav,f# major	2,g minor,0.0,wrong,ok,39.85,23.546,13.252,2.71,0.011,0.228
giantsteps-mtg-key,3360996.LOFI.wav,g minor	2,g minor,1.0,correct,ok,41.33,25.318,13.267,2.429,0.008,0.223
giantsteps-mtg-key,3377570.LOFI.wav,f minor	2,f minor,1.0,correct,ok,39.99,22.885,13.921,2.826,0.014,0.238
giantsteps-mtg-key,3378284.LOFI.wav,g minor	2,g minor,1.0,correct,ok,38.86,22.719,13.453,2.423,0.007,0.181
giantsteps-mtg-key,33846.LOFI.wav,c minor	2,c minor,1.0,correct,ok,38.78,23.437,12.708,2.339,0.008,0.199
giantsteps-mtg-key,3390945.LOFI.wav,d# minor	2,bb minor,0.5,fifth,ok,40.14,24.337,12.938,2.572,0.006,0.204
giantsteps-mtg-key,3391744.LOFI.wav,c minor	2,c minor,1.0,correct,ok,41.11,24.638,12.57,3.606,0.009,0.194
giantsteps-mtg-key,33961.LOFI.wav,g minor	2,g minor,1.0,correct,ok,38.62,22.411,13.532,2.36,0.009,0.214
giantsteps-mtg-key,3400910.LOFI.wav,c minor	2,f minor,0.5,fifth,ok,39.35,22.666,13.328,2.986,0.017,0.244
giantsteps-mtg-key,3408131.LOFI.wav,a# minor	2,bb minor,1.0,correct,ok,38.31,22.296,12.972,2.765,0.007,0.183
giantsteps-mtg-key,3440288.LOFI.wav,f# major	2,f# minor,0.2,parallel,ok,40.16,24.445,12.83,2.595,0.008,0.206
giantsteps-mtg-key,3445831.LOFI.wav,d# minor	2,bb minor,0.5,fifth,ok,43.66,28.131,12.661,2.568,0.009,0.197
giantsteps-mtg-key,3467040.LOFI.wav,c# minor	2,a minor,0.0,wrong,ok,38.97,23.171,12.645,2.775,0.012,0.266
giantsteps-mtg-key,3476908.LOFI.wav,b minor	2,d minor,0.0,wrong,ok,39.76,23.698,12.694,2.895,0.009,0.281
giantsteps-mtg-key,3486594.LOFI.wav,d# minor	2,c minor,0.0,wrong,ok,38.82,22.751,13.266,2.523,0.007,0.185
giantsteps-mtg-key,3489634.LOFI.wav,a# minor	2,f minor,0.5,fifth,ok,38.53,22.98,12.635,2.617,0.008,0.197
giantsteps-mtg-key,349463.LOFI.wav,d major	2,d minor,0.2,parallel,ok,37.91,22.698,12.217,2.709,0.008,0.19
giantsteps-mtg-key,350773.LOFI.wav,f major	2,f minor,0.2,parallel,ok,38.33,22.721,12.728,2.588,0.007,0.186
giantsteps-mtg-key,3509627.LOFI.wav,g# minor	2,ab minor,1.0,correct,ok,38.93,23.444,12.406,2.789,0.008,0.195
giantsteps-mtg-key,3516171.LOFI.wav,a# minor	2,bb minor,1.0,correct,ok,39.22,23.305,12.715,2.875,0.008,0.223
giantsteps-mtg-key,3520807.LOFI.wav,d# major	2,g minor,0.0,wrong,ok,39.86,23.963,12.973,2.632,0.008,0.197
giantsteps-mtg-key,3526880.LOFI.wav,c# minor	2	there are modulations to f# minor,c# minor,1.0,correct,ok,39.42,23.255,13.353,2.529,0.007,0.184
giantsteps-mtg-key,3527620.LOFI.wav,g minor	2,g minor,1.0,correct,ok,38.96,23.022,13.006,2.649,0.008,0.192
giantsteps-mtg-key,3528734.LOFI.wav,b minor	2,e minor,0.5,fifth,ok,38.88,22.963,13.059,2.519,0.01,0.227
giantsteps-mtg-key,3537560.LOFI.wav,a minor	2	there is a modulation to e minor and track ends in a major,a minor,1.0,correct,ok,38.61,23.032,12.699,2.569,0.009,0.202
giantsteps-mtg-key,3540106.LOFI.wav,c minor	2,c minor,1.0,correct,ok,39.03,23.427,12.42,2.875,0.008,0.206
giantsteps-mtg-key,3547619.LOFI.wav,a# minor	2,bb minor,1.0,correct,ok,38.84,22.866,12.909,2.762,0.009,0.194
giantsteps-mtg-key,35645.LOFI.wav,f minor	2,f minor,1.0,correct,ok,38.98,22.784,13.026,2.854,0.02,0.192
giantsteps-mtg-key,3569019.LOFI.wav,e major	2,f# minor,0.0,wrong,ok,41.0,23.903,13.359,3.438,0.008,0.206
giantsteps-mtg-key,356905.LOFI.wav,g minor	2,g minor,1.0,correct,ok,38.91,23.393,12.699,2.523,0.008,0.193
giantsteps-mtg-key,3574764.LOFI.wav,g# minor	2,ab minor,1.0,correct,ok,40.12,23.677,13.221,2.913,0.01,0.212
giantsteps-mtg-key,3581368.LOFI.wav,f minor	2,c minor,0.5,fifth,ok,39.33,22.76,13.638,2.589,0.008,0.245
giantsteps-mtg-key,358893.LOFI.wav,c minor	2,c minor,1.0,correct,ok,40.78,23.857,13.818,2.816,0.008,0.195
giantsteps-mtg-key,3607700.LOFI.wav,e minor	2,eb minor,0.0,wrong,ok,41.05,25.02,13.273,2.412,0.02,0.227
giantsteps-mtg-key,3619815.LOFI.wav,e minor	2,e minor,1.0,correct,ok,40.25,22.955,13.648,3.289,0.011,0.24
giantsteps-mtg-key,3622084.LOFI.wav,f# major	2,eb minor,0.3,relative,ok,39.57,23.404,13.168,2.641,0.009,0.226
giantsteps-mtg-key,3630680.LOFI.wav,c minor	2,c minor,1.0,correct,ok,40.61,23.647,13.866,2.806,0.008,0.189
giantsteps-mtg-key,3639596.LOFI.wav,c# major	2,bb minor,0.3,relative,ok,40.15,24.14,13.138,2.589,0.009,0.194
giantsteps-mtg-key,3647184.LOFI.wav,d minor	2,d minor,1.0,correct,ok,39.92,22.845,13.159,3.331,0.06,0.271
giantsteps-mtg-key,3655850.LOFI.wav,g# major	2,f minor,0.3,relative,ok,40.7,23.514,14.457,2.415,0.009,0.218
giantsteps-mtg-key,3662506.LOFI.wav,d# major	2,bb minor,0.0,wrong,ok,40.16,23.537,13.827,2.508,0.008,0.196
giantsteps-mtg-key,3671250.LOFI.wav,b major	2,ab minor,0.3,relative,ok,40.19,24.404,12.524,2.989,0.007,0.18
giantsteps-mtg-key,367369.LOFI.wav,g major	2,d minor,0.0,wrong,ok,42.0,24.931,13.972,2.821,0.008,0.183
giantsteps-mtg-key,3676879.LOFI.wav,g# major	2,ab minor,0.2,parallel,ok,39.9,22.903,14.09,2.608,0.008,0.199
giantsteps-mtg-key,3687603.LOFI.wav,c# major	2,eb minor,0.0,wrong,ok,40.72,23.735,14.051,2.624,0.012,0.206
giantsteps-mtg-key,3694824.LOFI.wav,c# major	2,bb minor,0.3,relative,ok,40.81,24.696,13.022,2.803,0.007,0.187
giantsteps-mtg-key,3705941.LOFI.wav,c major	2,g minor,0.0,wrong,ok,39.8,23.316,12.782,3.314,0.015,0.257
giantsteps-mtg-key,371036.LOFI.wav,g# minor	2,f# minor,0.0,wrong,ok,42.03,24.859,14.111,2.741,0.01,0.207
giantsteps-mtg-key,3728272.LOFI.wav,c minor	2,c minor,1.0,correct,ok,40.76,23.773,14.025,2.682,0.008,0.189
giantsteps-mtg-key,3731508.LOFI.wav,c minor	2,c# minor,0.0,wrong,ok,40.62,25.06,12.686,2.569,0.009,0.187
giantsteps-mtg-key,3733853.LOFI.wav,"c major	2	key as c major is clear in the totally tonal part, between 0:18 and 1:12. before and after, key is b major",a minor,0.3,relative,ok,39.77,23.07,13.289,3.035,0.018,0.254
giantsteps-mtg-key,373434.LOFI.wav,d minor	2,d minor,1.0,correct,ok,39.44,22.892,13.66,2.581,0.009,0.198
giantsteps-mtg-key,3737315.LOFI.wav,f major	2	possible confusion with d minor,d minor,0.3,relative,ok,43.03,26.339,13.475,2.869,0.011,0.238
giantsteps-mtg-key,3762907.LOFI.wav,g# minor	2,ab minor,1.0,correct,ok,44.37,25.894,15.611,2.582,0.008,0.192
giantsteps-mtg-key,3766235.LOFI.wav,c minor	2,c minor,1.0,correct,ok,39.58,23.179,12.849,3.223,0.011,0.203
giantsteps-mtg-key,3771813.LOFI.wav,d# minor	2,ab minor,0.5,fifth,ok,38.73,22.492,12.835,3.117,0.008,0.199
giantsteps-mtg-key,37779.LOFI.wav,a# major	2,bb minor,0.2,parallel,ok,39.42,23.696,12.745,2.606,0.012,0.258
giantsteps-mtg-key,3783446.LOFI.wav,c# major	2,Db major,1.0,correct,ok,39.44,23.658,12.891,2.529,0.011,0.242
giantsteps-mtg-key,3794333.LOFI.wav,d minor	2,d minor,1.0,correct,ok,38.97,22.287,12.655,3.669,0.017,0.245
giantsteps-mtg-key,3798377.LOFI.wav,f# minor	2,f# minor,1.0,correct,ok,39.14,22.978,13.292,2.585,0.008,0.193
giantsteps-mtg-key,3801208.LOFI.wav,d# minor	2,eb minor,1.0,correct,ok,39.41,23.498,12.637,2.974,0.009,0.196
giantsteps-mtg-key,3801681.LOFI.wav,c# minor	2,c# minor,1.0,correct,ok,38.84,22.494,13.058,2.818,0.008,0.362
giantsteps-mtg-key,3817388.LOFI.wav,e minor	2,e minor,1.0,correct,ok,38.28,22.589,12.626,2.744,0.009,0.219
giantsteps-mtg-key,3830951.LOFI.wav,g minor	2,g minor,1.0,correct,ok,39.86,23.415,13.507,2.647,0.009,0.194
giantsteps-mtg-key,3831323.LOFI.wav,g# major	2,f minor,0.3,relative,ok,38.64,23.038,12.239,3.027,0.012,0.225
giantsteps-mtg-key,3831852.LOFI.wav,f major	2	there are modulations to c# major and f minor,f minor,0.2,parallel,ok,40.27,24.693,12.395,2.831,0.013,0.211
giantsteps-mtg-key,3831965.LOFI.wav,a# major	2,d minor,0.0,wrong,ok,39.11,23.062,12.771,2.914,0.013,0.243
giantsteps-mtg-key,3833751.LOFI.wav,a# minor	2,bb minor,1.0,correct,ok,38.42,22.312,12.557,3.253,0.009,0.189
giantsteps-mtg-key,3836467.LOFI.wav,g# major	2,ab minor,0.2,parallel,ok,38.91,23.212,12.923,2.425,0.01,0.242
giantsteps-mtg-key,384265.LOFI.wav,e minor	2,e minor,1.0,correct,ok,38.7,23.228,12.302,2.871,0.01,0.191
giantsteps-mtg-key,3854133.LOFI.wav,b minor	2,b minor,1.0,correct,ok,39.53,22.887,12.527,3.663,0.01,0.337
giantsteps-mtg-key,385707.LOFI.wav,d minor	2,d minor,1.0,correct,ok,38.83,22.367,13.339,2.84,0.008,0.196
giantsteps-mtg-key,3857465.LOFI.wav,d# major	2,eb minor,0.2,parallel,ok,39.41,23.358,12.905,2.833,0.007,0.203
giantsteps-mtg-key,386088.LOFI.wav,g minor	2,g minor,1.0,correct,ok,39.48,22.926,12.568,3.646,0.008,0.229
giantsteps-mtg-key,3865255.LOFI.wav,d minor	2,d minor,1.0,correct,ok,38.58,22.301,12.856,3.046,0.01,0.269
giantsteps-mtg-key,3868708.LOFI.wav,f# minor	2,f# minor,1.0,correct,ok,39.15,23.059,12.775,3.024,0.008,0.19
giantsteps-mtg-key,3870922.LOFI.wav,e minor	2,e minor,1.0,correct,ok,38.35,23.101,12.286,2.668,0.008,0.189
giantsteps-mtg-key,388664.LOFI.wav,a minor	2,a minor,1.0,correct,ok,38.84,23.191,12.473,2.777,0.009,0.225
giantsteps-mtg-key,3889717.LOFI.wav,c minor	2,c minor,1.0,correct,ok,39.23,22.962,13.135,2.723,0.013,0.277
giantsteps-mtg-key,3897406.LOFI.wav,c minor	2,g minor,0.5,fifth,ok,40.17,23.629,13.344,2.915,0.007,0.181
giantsteps-mtg-key,3905287.LOFI.wav,c minor	2,c minor,1.0,correct,ok,39.62,23.797,13.134,2.403,0.007,0.192
giantsteps-mtg-key,3906152.LOFI.wav,g# major	2,ab minor,0.2,parallel,ok,40.29,24.566,12.51,2.901,0.009,0.203
giantsteps-mtg-key,3912606.LOFI.wav,b major	2,B major,1.0,correct,ok,39.6,22.947,13.045,3.207,0.011,0.278
giantsteps-mtg-key,3915618.LOFI.wav,c minor	2,c minor,1.0,correct,ok,38.83,22.407,13.23,2.927,0.007,0.176
giantsteps-mtg-key,3916942.LOFI.wav,c minor	2,f minor,0.5,fifth,ok,39.14,23.052,13.145,2.597,0.015,0.221
giantsteps-mtg-key,392321.LOFI.wav,f# minor	2,f# minor,1.0,correct,ok,38.18,22.751,12.192,2.86,0.01,0.194
giantsteps-mtg-key,3923369.LOFI.wav,d# major	2,eb minor,0.2,parallel,ok,41.01,23.72,12.972,3.617,0.019,0.453
giantsteps-mtg-key,3935158.LOFI.wav,f# major	2,eb minor,0.3,relative,ok,39.16,22.953,13.138,2.737,0.007,0.244
giantsteps-mtg-key,3937649.LOFI.wav,a# minor	2,bb minor,1.0,correct,ok,39.37,22.971,13.32,2.718,0.01,0.238
giantsteps-mtg-key,396112.LOFI.wav,e major	2,c# minor,0.3,relative,ok,38.73,22.421,13.49,2.498,0.008,0.218
giantsteps-mtg-key,3966027.LOFI.wav,f# minor	2,f# minor,1.0,correct,ok,40.66,22.86,13.58,3.874,0.012,0.239
giantsteps-mtg-key,3999467.LOFI.wav,g major	2,b minor,0.0,wrong,ok,41.08,24.915,13.455,2.443,0.007,0.179
giantsteps-mtg-key,40030.LOFI.wav,e minor	2,e minor,1.0,correct,ok,39.24,22.813,13.538,2.548,0.011,0.228
giantsteps-mtg-key,401815.LOFI.wav,c# minor	2,c# minor,1.0,correct,ok,38.87,23.126,13.073,2.394,0.008,0.181
giantsteps-mtg-key,4020452.LOFI.wav,f major	2,f minor,0.2,parallel,ok,40.73,22.908,14.023,3.49,0.011,0.197
giantsteps-mtg-key,4026906.LOFI.wav,e major	2,E major,1.0,correct,ok,41.27,24.583,13.83,2.573,0.008,0.191
giantsteps-mtg-key,402978.LOFI.wav,e minor	2,e minor,1.0,correct,ok,41.41,24.352,13.498,3.251,0.011,0.192
giantsteps-mtg-key,4032964.LOFI.wav,a minor	2,a minor,1.0,correct,ok,39.2,23.721,12.674,2.496,0.008,0.206
giantsteps-mtg-key,4051513.LOFI.wav,c# minor	2	a bit phrygian,c# minor,1.0,correct,ok,39.9,22.681,13.442,3.317,0.019,0.26
giantsteps-mtg-key,4052411.LOFI.wav,d minor	2,d minor,1.0,correct,ok,40.8,24.405,13.696,2.395,0.011,0.188
giantsteps-mtg-key,4061369.LOFI.wav,d# minor	2,eb minor,1.0,correct,ok,39.61,23.655,13.203,2.386,0.01,0.232
giantsteps-mtg-key,40643.LOFI.wav,a minor	2,a minor,1.0,correct,ok,42.45,26.051,13.712,2.379,0.01,0.209
giantsteps-mtg-key,4071302.LOFI.wav,d minor	2,d minor,1.0,correct,ok,40.58,22.592,13.886,3.733,0.01,0.261
giantsteps-mtg-key,4081121.LOFI.wav,a# major	2,g minor,0.3,relative,ok,39.8,22.941,14.042,2.511,0.008,0.213
giantsteps-mtg-key,4085830.LOFI.wav,d minor	2,d minor,1.0,correct,ok,40.4,23.843,13.488,2.765,0.007,0.21
giantsteps-mtg-key,40875.LOFI.wav,g# minor	2,c# minor,0.5,fifth,ok,39.53,23.511,13.077,2.628,0.008,0.205
giantsteps-mtg-key,4089252.LOFI.wav,c# minor	2,c minor,0.0,wrong,ok,42.09,22.616,13.949,5.227,0.009,0.191
giantsteps-mtg-key,4090254.LOFI.wav,d minor	2,d minor,1.0,correct,ok,40.67,24.291,13.671,2.415,0.008,0.203
giantsteps-mtg-key,4096403.LOFI.wav,e major	2,e minor,0.2,parallel,ok,39.33,23.407,12.588,2.968,0.014,0.253
giantsteps-mtg-key,4104550.LOFI.wav,e minor	2,e minor,1.0,correct,ok,40.12,23.764,13.278,2.743,0.009,0.221
giantsteps-mtg-key,4106262.LOFI.wav,c# minor	2,f# minor,0.5,fifth,ok,40.59,24.393,13.093,2.807,0.008,0.196
giantsteps-mtg-key,4111004.LOFI.wav,b minor	2,b minor,1.0,correct,ok,42.25,25.852,13.521,2.579,0.008,0.196
giantsteps-mtg-key,4115098.LOFI.wav,e minor	2,a minor,0.5,fifth,ok,38.47,22.739,12.759,2.671,0.007,0.208
giantsteps-mtg-key,4123856.LOFI.wav,f minor	2,f minor,1.0,correct,ok,39.24,22.751,13.492,2.599,0.007,0.246
giantsteps-mtg-key,4132072.LOFI.wav,g# major	2,f minor,0.3,relative,ok,39.04,22.912,12.936,2.879,0.01,0.214
giantsteps-mtg-key,4134179.LOFI.wav,a# major	2,c minor,0.0,wrong,ok,39.47,23.507,12.773,2.896,0.007,0.207
giantsteps-mtg-key,4149415.LOFI.wav,e major	2,ab minor,0.0,wrong,ok,38.77,23.281,12.55,2.652,0.01,0.192
giantsteps-mtg-key,4151001.LOFI.wav,e minor	2,e minor,1.0,correct,ok,39.3,22.659,13.627,2.719,0.011,0.185
giantsteps-mtg-key,4151005.LOFI.wav,c minor	2,c minor,1.0,correct,ok,38.63,22.949,12.877,2.464,0.013,0.224
giantsteps-mtg-key,4164104.LOFI.wav,d# major	2,f minor,0.0,wrong,ok,39.28,23.504,13.023,2.476,0.008,0.189
giantsteps-mtg-key,4164425.LOFI.wav,f# minor	2,f# minor,1.0,correct,ok,39.13,22.96,13.128,2.726,0.008,0.206
giantsteps-mtg-key,4180893.LOFI.wav,f minor	2,f minor,1.0,correct,ok,39.0,22.558,13.534,2.616,0.01,0.19
giantsteps-mtg-key,4184078.LOFI.wav,d minor	2,d minor,1.0,correct,ok,38.33,22.641,12.786,2.57,0.01,0.225
giantsteps-mtg-key,4184925.LOFI.wav,g minor	2,g minor,1.0,correct,ok,38.4,22.985,12.677,2.449,0.007,0.188
giantsteps-mtg-key,4188354.LOFI.wav,c minor	2,f minor,0.5,fifth,ok,38.31,22.67,12.824,2.535,0.007,0.193
giantsteps-mtg-key,41907.LOFI.wav,c minor	2,c minor,1.0,correct,ok,39.14,22.771,13.037,2.995,0.011,0.215
giantsteps-mtg-key,4196452.LOFI.wav,c# major	2,ab minor,0.0,wrong,ok,39.77,23.046,13.529,2.896,0.008,0.198
giantsteps-mtg-key,4202945.LOFI.wav,f minor	2,f minor,1.0,correct,ok,39.17,23.104,13.041,2.678,0.015,0.221
giantsteps-mtg-key,4214391.LOFI.wav,b minor	2,bb minor,0.0,wrong,ok,38.73,22.772,13.194,2.497,0.007,0.182
giantsteps-mtg-key,4217672.LOFI.wav,f# minor	2,f# minor,1.0,correct,ok,39.04,22.877,13.135,2.731,0.009,0.19
giantsteps-mtg-key,4220180.LOFI.wav,c# major	2,f minor,0.0,wrong,ok,42.61,26.073,13.521,2.74,0.008,0.187
giantsteps-mtg-key,4222236.LOFI.wav,c major	2,F major,0.5,fifth,ok,39.92,23.121,14.043,2.433,0.01,0.22
giantsteps-mtg-key,4251163.LOFI.wav,"d minor	2	begining of track key is g minor but it is only a very short fragment, then key is d minor",d minor,1.0,correct,ok,38.91,22.951,12.824,2.823,0.008,0.21
giantsteps-mtg-key,4262086.LOFI.wav,e minor	2	key modulates to c# minor,c# minor,0.0,wrong,ok,39.95,22.811,14.154,2.635,0.012,0.238
giantsteps-mtg-key,4266877.LOFI.wav,c major	2	there is some modal exchange and vi degree lowered,d minor,0.0,wrong,ok,39.6,23.436,13.447,2.414,0.013,0.204
giantsteps-mtg-key,4272275.LOFI.wav,a minor	2,a minor,1.0,correct,ok,44.14,27.86,13.099,2.841,0.01,0.229
giantsteps-mtg-key,4272853.LOFI.wav,c minor	2,f minor,0.5,fifth,ok,38.53,22.78,12.824,2.617,0.007,0.217
giantsteps-mtg-key,4292533.LOFI.wav,f minor	2,f minor,1.0,correct,ok,41.03,23.373,14.115,3.235,0.007,0.19
giantsteps-mtg-key,4297505.LOFI.wav,f minor	2,f minor,1.0,correct,ok,39.11,23.371,12.92,2.508,0.011,0.212
giantsteps-mtg-key,4299047.LOFI.wav,d# major	2,c minor,0.3,relative,ok,39.56,23.491,13.085,2.685,0.009,0.193
giantsteps-mtg-key,4306620.LOFI.wav,e minor	2,f minor,0.0,wrong,ok,42.72,25.966,13.396,3.056,0.008,0.193
giantsteps-mtg-key,4310604.LOFI.wav,a minor	2,d minor,0.5,fifth,ok,40.26,23.096,13.855,2.968,0.011,0.225
giantsteps-mtg-key,431138.LOFI.wav,a minor	2,f minor,0.0,wrong,ok,39.65,23.599,13.358,2.403,0.008,0.193
giantsteps-mtg-key,4315887.LOFI.wav,d# major	2,c minor,0.3,relative,ok,39.37,22.97,13.068,2.925,0.019,0.245
giantsteps-mtg-key,431805.LOFI.wav,f minor	2,f minor,1.0,correct,ok,41.33,23.063,14.976,2.932,0.013,0.243
giantsteps-mtg-key,4318934.LOFI.wav,b major	2,c# minor,0.0,wrong,ok,40.95,23.286,13.997,3.34,0.008,0.213
giantsteps-mtg-key,4323121.LOFI.wav,a# minor	2,bb minor,1.0,correct,ok,40.57,24.201,12.938,2.929,0.013,0.356
giantsteps-mtg-key,432966.LOFI.wav,d minor	2,d minor,1.0,correct,ok,38.36,22.874,12.686,2.512,0.008,0.185
giantsteps-mtg-key,4334231.LOFI.wav,b minor	2,b minor,1.0,correct,ok,40.27,23.347,13.251,3.297,0.011,0.268
giantsteps-mtg-key,4340765.LOFI.wav,a# major	2,g minor,0.3,relative,ok,39.7,22.814,13.64,2.959,0.009,0.19
giantsteps-mtg-key,4341902.LOFI.wav,f# minor	2,f minor,0.0,wrong,ok,40.28,23.797,13.441,2.741,0.011,0.194
giantsteps-mtg-key,4351142.LOFI.wav,f major	2,d minor,0.3,relative,ok,40.08,23.73,13.352,2.722,0.007,0.19
giantsteps-mtg-key,435271.LOFI.wav,b minor	2,b minor,1.0,correct,ok,40.61,23.36,14.27,2.68,0.009,0.212
giantsteps-mtg-key,4354199.LOFI.wav,a minor	2,c# minor,0.0,wrong,ok,41.23,22.755,14.678,3.466,0.01,0.222
giantsteps-mtg-key,4364291.LOFI.wav,e minor	2,e minor,1.0,correct,ok,40.79,24.474,13.326,2.69,0.007,0.201
giantsteps-mtg-key,4376323.LOFI.wav,f major	2,d minor,0.3,relative,ok,40.11,24.489,12.715,2.63,0.007,0.189
giantsteps-mtg-key,4377128.LOFI.wav,g# minor	2,Ab major,0.2,parallel,ok,39.65,22.5,13.69,3.125,0.013,0.216
giantsteps-mtg-key,4381031.LOFI.wav,c# major	2,c# minor,0.2,parallel,ok,40.39,23.19,13.736,3.123,0.012,0.223
giantsteps-mtg-key,4398291.LOFI.wav,a minor	2,a minor,1.0,correct,ok,39.54,23.627,12.759,2.769,0.013,0.255
giantsteps-mtg-key,4408526.LOFI.wav,c minor	2,d minor,0.0,wrong,ok,40.75,24.58,13.466,2.366,0.01,0.226
giantsteps-mtg-key,4416284.LOFI.wav,g# major	2	confusion with f minor can be possible,c# minor,0.0,wrong,ok,40.2,23.215,13.464,3.227,0.009,0.205
giantsteps-mtg-key,4418313.LOFI.wav,g# major	2	mode is not totally clear,bb minor,0.0,wrong,ok,39.65,22.479,13.773,3.024,0.014,0.247
giantsteps-mtg-key,441969.LOFI.wav,e minor	2,e minor,1.0,correct,ok,40.44,24.049,13.37,2.742,0.007,0.192
giantsteps-mtg-key,4421420.LOFI.wav,c major	2,c minor,0.2,parallel,ok,39.23,23.47,12.946,2.434,0.008,0.274
giantsteps-mtg-key,443912.LOFI.wav,g# minor	2,ab minor,1.0,correct,ok,40.37,23.449,13.488,3.141,0.008,0.191
giantsteps-mtg-key,4445523.LOFI.wav,b major	2,b minor,0.2,parallel,ok,39.59,22.582,13.633,3.075,0.008,0.193
giantsteps-mtg-key,4464873.LOFI.wav,c# major	2,c# minor,0.2,parallel,ok,39.96,23.532,12.788,3.325,0.01,0.207
giantsteps-mtg-key,446875.LOFI.wav,d minor	2,d minor,1.0,correct,ok,40.52,24.541,13.135,2.551,0.008,0.192
giantsteps-mtg-key,4482723.LOFI.wav,g minor	2,g minor,1.0,correct,ok,40.47,23.761,13.153,3.24,0.008,0.212
giantsteps-mtg-key,4503715.LOFI.wav,c minor	2,c minor,1.0,correct,ok,39.73,22.98,13.66,2.777,0.009,0.205
giantsteps-mtg-key,450431.LOFI.wav,e minor	2,e minor,1.0,correct,ok,42.93,23.341,16.516,2.758,0.008,0.223
giantsteps-mtg-key,4509681.LOFI.wav,"f# major	2	from begining to 0:37 key is f# major, from 0:37 to 1:57 key is g# major, and from 1:57 to end key is f# major again",ab minor,0.0,wrong,ok,39.26,23.989,12.285,2.712,0.006,0.183
giantsteps-mtg-key,4510650.LOFI.wav,b major	2,ab minor,0.3,relative,ok,38.04,22.734,12.37,2.638,0.009,0.198
giantsteps-mtg-key,451169.LOFI.wav,c# minor	2,c# minor,1.0,correct,ok,39.03,22.106,13.663,2.83,0.012,0.225
giantsteps-mtg-key,4514491.LOFI.wav,a# major	2,g minor,0.3,relative,ok,39.46,23.526,12.514,3.044,0.018,0.25
giantsteps-mtg-key,4523424.LOFI.wav,e major	2,E major,1.0,correct,ok,44.95,28.564,13.197,2.85,0.01,0.233
giantsteps-mtg-key,4528744.LOFI.wav,d major	2,a minor,0.0,wrong,ok,38.39,22.258,12.574,3.129,0.009,0.326
giantsteps-mtg-key,4562821.LOFI.wav,g minor	2,g minor,1.0,correct,ok,43.22,23.327,14.683,4.894,0.009,0.205
giantsteps-mtg-key,4568358.LOFI.wav,a# major	2,bb minor,0.2,parallel,ok,39.26,23.231,13.021,2.649,0.013,0.24
giantsteps-mtg-key,457131.LOFI.wav,e minor	2,e minor,1.0,correct,ok,38.61,22.856,12.761,2.585,0.016,0.241
giantsteps-mtg-key,4572120.LOFI.wav,b major	2	there are modulations to g# minor,bb minor,0.0,wrong,ok,40.06,22.987,13.478,3.313,0.007,0.185
giantsteps-mtg-key,4587945.LOFI.wav,e minor	2,b minor,0.5,fifth,ok,39.34,23.134,13.007,2.738,0.011,0.294
giantsteps-mtg-key,4590651.LOFI.wav,b minor	2,e minor,0.5,fifth,ok,39.37,23.283,12.894,2.905,0.007,0.19
giantsteps-mtg-key,4590691.LOFI.wav,c# major	2,bb minor,0.3,relative,ok,38.95,23.223,12.762,2.601,0.012,0.26
giantsteps-mtg-key,4596386.LOFI.wav,c# minor	2,c# minor,1.0,correct,ok,39.34,22.475,13.3,3.272,0.006,0.191
giantsteps-mtg-key,460731.LOFI.wav,e major	2,a minor,0.0,wrong,ok,39.3,22.893,13.282,2.837,0.007,0.191
giantsteps-mtg-key,4616741.LOFI.wav,"a# major	2	key is clearly a# major, but iii degree is lowered occasionally",g minor,0.3,relative,ok,39.64,23.719,12.702,2.91,0.009,0.194
giantsteps-mtg-key,4623197.LOFI.wav,d# major	2,bb minor,0.0,wrong,ok,39.18,23.555,12.897,2.464,0.007,0.179
giantsteps-mtg-key,4630401.LOFI.wav,b major	2	confusion with its minor relative g# minor is possible,ab minor,0.3,relative,ok,39.27,23.523,12.447,2.989,0.009,0.195
giantsteps-mtg-key,4631771.LOFI.wav,a# major	2,g minor,0.3,relative,ok,39.48,22.646,13.756,2.789,0.007,0.191
giantsteps-mtg-key,4660390.LOFI.wav,f# major	2,eb minor,0.3,relative,ok,38.67,23.05,12.644,2.642,0.011,0.23
giantsteps-mtg-key,4660409.LOFI.wav,f minor	2,f minor,1.0,correct,ok,39.86,23.796,13.049,2.663,0.012,0.232
giantsteps-mtg-key,4661608.LOFI.wav,f# minor	2,f# minor,1.0,correct,ok,39.36,22.942,13.299,2.821,0.007,0.192
giantsteps-mtg-key,466208.LOFI.wav,g# minor	2,c# minor,0.5,fifth,ok,39.5,23.506,12.675,3.026,0.007,0.19
giantsteps-mtg-key,4664095.LOFI.wav,f# major	2	arabian mode,f# minor,0.2,parallel,ok,39.65,23.439,12.929,2.976,0.009,0.203
giantsteps-mtg-key,4665597.LOFI.wav,f minor	2,f minor,1.0,correct,ok,38.27,22.677,12.714,2.591,0.007,0.186
giantsteps-mtg-key,4690755.LOFI.wav,e major	2,e minor,0.2,parallel,ok,39.1,22.52,13.228,3.029,0.008,0.219
giantsteps-mtg-key,4692133.LOFI.wav,g minor	2	confusion with f minor is possible,c minor,0.5,fifth,ok,39.25,23.218,13.273,2.483,0.008,0.19
giantsteps-mtg-key,470136.LOFI.wav,b minor	2,f# minor,0.5,fifth,ok,38.53,23.219,12.255,2.713,0.01,0.228
giantsteps-mtg-key,4704294.LOFI.wav,f minor	2,bb minor,0.5,fifth,ok,40.12,24.326,12.844,2.589,0.011,0.247
giantsteps-mtg-key,4710435.LOFI.wav,a# major	2,d minor,0.0,wrong,ok,39.81,23.618,12.422,3.287,0.008,0.338
giantsteps-mtg-key,471711.LOFI.wav,g minor	2,g minor,1.0,correct,ok,40.24,23.331,14.211,2.389,0.01,0.214
giantsteps-mtg-key,4726263.LOFI.wav,e minor	2,e minor,1.0,correct,ok,39.78,23.836,12.544,3.043,0.012,0.234
giantsteps-mtg-key,4733800.LOFI.wav,a# minor	2,bb minor,1.0,correct,ok,39.09,23.316,12.831,2.578,0.009,0.193
giantsteps-mtg-key,4741346.LOFI.wav,c# minor	2,d minor,0.0,wrong,ok,39.58,23.354,13.179,2.74,0.007,0.205
giantsteps-mtg-key,4753283.LOFI.wav,c minor	2,c minor,1.0,correct,ok,39.25,23.393,13.129,2.428,0.011,0.209
giantsteps-mtg-key,4756702.LOFI.wav,e minor	2,f minor,0.0,wrong,ok,41.96,22.784,16.261,2.612,0.008,0.202
giantsteps-mtg-key,4759312.LOFI.wav,c minor	2,c minor,1.0,correct,ok,39.63,24.322,12.56,2.441,0.009,0.203
giantsteps-mtg-key,4765342.LOFI.wav,a major	2,a minor,0.2,parallel,ok,39.04,22.45,13.13,3.111,0.013,0.23
giantsteps-mtg-key,4767556.LOFI.wav,a minor	2,a minor,1.0,correct,ok,39.56,22.916,13.635,2.685,0.01,0.219
giantsteps-mtg-key,4771754.LOFI.wav,f# minor	2	major or minor mode discrimination is not clear,f# minor,1.0,correct,ok,40.97,25.183,12.983,2.513,0.008,0.194
giantsteps-mtg-key,4772886.LOFI.wav,c minor	2	end of track modulates to f minor,c minor,1.0,correct,ok,41.59,25.888,12.965,2.392,0.009,0.251
giantsteps-mtg-key,4784473.LOFI.wav,f# major	2,f# minor,0.2,parallel,ok,41.68,26.013,12.042,3.317,0.008,0.206
giantsteps-mtg-key,4792796.LOFI.wav,b major	2,ab minor,0.3,relative,ok,40.19,22.721,13.713,3.452,0.008,0.194
giantsteps-mtg-key,4793409.LOFI.wav,f# minor	2,f# minor,1.0,correct,ok,40.75,23.96,13.205,3.28,0.014,0.201
giantsteps-mtg-key,4809086.LOFI.wav,"a# minor	2	despite internal modulations, key is clearly a# minor",bb minor,1.0,correct,ok,41.67,25.398,13.153,2.752,0.014,0.225
giantsteps-mtg-key,4811158.LOFI.wav,f# major	2,eb minor,0.3,relative,ok,41.29,24.164,13.383,3.421,0.009,0.225
giantsteps-mtg-key,4820720.LOFI.wav,c minor	2,c minor,1.0,correct,ok,40.61,23.408,13.979,2.945,0.008,0.184
giantsteps-mtg-key,4824309.LOFI.wav,d major	2,D major,1.0,correct,ok,40.32,23.479,13.714,2.832,0.01,0.198
giantsteps-mtg-key,4838183.LOFI.wav,f minor	2,f minor,1.0,correct,ok,40.4,24.118,13.187,2.787,0.01,0.197
giantsteps-mtg-key,4848629.LOFI.wav,e minor	2,d minor,0.0,wrong,ok,39.73,23.068,12.433,3.887,0.012,0.237
giantsteps-mtg-key,4855328.LOFI.wav,c# minor	2,c# minor,1.0,correct,ok,41.6,23.267,15.144,2.797,0.008,0.222
giantsteps-mtg-key,4857871.LOFI.wav,a# major	2,g minor,0.3,relative,ok,38.63,22.955,12.861,2.435,0.015,0.258
giantsteps-mtg-key,486395.LOFI.wav,f# major	2,ab minor,0.0,wrong,ok,40.38,24.409,12.723,2.9,0.009,0.252
giantsteps-mtg-key,4870279.LOFI.wav,d# major	2,f minor,0.0,wrong,ok,40.01,24.298,12.506,2.919,0.007,0.191
giantsteps-mtg-key,4873800.LOFI.wav,g# minor	2,ab minor,1.0,correct,ok,39.27,22.939,13.201,2.856,0.007,0.186
giantsteps-mtg-key,4878879.LOFI.wav,e major	2,c# minor,0.3,relative,ok,39.05,23.097,13.087,2.565,0.007,0.205
giantsteps-mtg-key,487971.LOFI.wav,c major	2,C major,1.0,correct,ok,39.78,22.045,14.55,2.854,0.01,0.214
giantsteps-mtg-key,4885376.LOFI.wav,c# minor	2,c# minor,1.0,correct,ok,38.87,22.883,12.65,3.02,0.007,0.215
giantsteps-mtg-key,4887623.LOFI.wav,e major	2	there are some fragments in e minor inside track,f# minor,0.0,wrong,ok,39.54,22.977,13.59,2.662,0.01,0.222
giantsteps-mtg-key,4887778.LOFI.wav,g minor	2,g minor,1.0,correct,ok,38.67,22.661,13.215,2.515,0.007,0.184
giantsteps-mtg-key,489351.LOFI.wav,a# major	2,g minor,0.3,relative,ok,38.64,22.51,12.631,2.944,0.026,0.335
giantsteps-mtg-key,4906181.LOFI.wav,d minor	2,d minor,1.0,correct,ok,39.7,23.931,12.767,2.687,0.015,0.207
giantsteps-mtg-key,4906900.LOFI.wav,f minor	2,f minor,1.0,correct,ok,38.98,23.286,12.242,3.184,0.007,0.183
giantsteps-mtg-key,4907717.LOFI.wav,b minor	2,b minor,1.0,correct,ok,38.77,22.753,13.001,2.68,0.01,0.228
giantsteps-mtg-key,4912830.LOFI.wav,c minor	2	dorian mode,f minor,0.5,fifth,ok,37.57,22.375,12.536,2.369,0.009,0.188
giantsteps-mtg-key,491529.LOFI.wav,a minor	2,d minor,0.5,fifth,ok,38.99,23.136,12.734,2.805,0.009,0.197
giantsteps-mtg-key,4917696.LOFI.wav,g# minor	2,c# minor,0.5,fifth,ok,38.96,23.048,13.042,2.555,0.012,0.211
giantsteps-mtg-key,4920129.LOFI.wav,f minor	2,f minor,1.0,correct,ok,38.37,22.645,12.622,2.803,0.007,0.203
giantsteps-mtg-key,4943671.LOFI.wav,g# major	2	indian mode in melody,f minor,0.3,relative,ok,38.66,23.068,12.905,2.397,0.009,0.187
giantsteps-mtg-key,4944953.LOFI.wav,g minor	2,g minor,1.0,correct,ok,38.88,22.885,12.874,2.827,0.009,0.198
giantsteps-mtg-key,4946269.LOFI.wav,f minor	2,f minor,1.0,correct,ok,38.58,22.643,12.992,2.677,0.007,0.181
giantsteps-mtg-key,495613.LOFI.wav,d minor	2,d minor,1.0,correct,ok,40.0,23.492,13.392,2.837,0.008,0.194
giantsteps-mtg-key,4970565.LOFI.wav,b major 	2,ab minor,0.3,relative,ok,37.94,22.314,12.886,2.462,0.007,0.189
giantsteps-mtg-key,49721.LOFI.wav,c major	2,c minor,0.2,parallel,ok,39.74,22.827,12.865,3.451,0.008,0.49
giantsteps-mtg-key,4974176.LOFI.wav,f minor	2,f minor,1.0,correct,ok,41.46,23.102,15.609,2.46,0.008,0.196
giantsteps-mtg-key,4975002.LOFI.wav,c# major	2,bb minor,0.3,relative,ok,40.59,24.379,12.241,3.667,0.008,0.2
giantsteps-mtg-key,4992440.LOFI.wav,c# major	2,ab minor,0.0,wrong,ok,40.82,24.476,13.609,2.47,0.008,0.182
giantsteps-mtg-key,4998705.LOFI.wav,b minor	2,b minor,1.0,correct,ok,40.33,23.25,13.6,2.805,0.008,0.563
giantsteps-mtg-key,501476.LOFI.wav,d major	2,f# minor,0.0,wrong,ok,39.63,24.108,12.822,2.426,0.007,0.185
giantsteps-mtg-key,501562.LOFI.wav,c minor	2,c minor,1.0,correct,ok,39.1,22.728,12.734,3.343,0.008,0.194
giantsteps-mtg-key,5031142.LOFI.wav,c# major	2,bb minor,0.3,relative,ok,40.06,23.878,13.227,2.661,0.009,0.192
giantsteps-mtg-key,503690.LOFI.wav,d minor	2,d minor,1.0,correct,ok,40.36,22.631,14.112,3.288,0.009,0.213
giantsteps-mtg-key,5048299.LOFI.wav,e minor	2,e minor,1.0,correct,ok,39.79,23.664,13.023,2.769,0.007,0.239
giantsteps-mtg-key,5054157.LOFI.wav,f major	2,d minor,0.3,relative,ok,40.22,23.539,13.137,3.199,0.015,0.222
giantsteps-mtg-key,5057312.LOFI.wav,g# minor	2,ab minor,1.0,correct,ok,39.93,24.159,13.05,2.434,0.008,0.189
giantsteps-mtg-key,5059176.LOFI.wav,c# minor	2,f# minor,0.5,fifth,ok,38.81,23.166,12.997,2.382,0.007,0.175
giantsteps-mtg-key,5061.LOFI.wav,d# minor	2,eb minor,1.0,correct,ok,38.75,23.192,12.323,2.921,0.007,0.205
giantsteps-mtg-key,5066211.LOFI.wav,c minor	2,g minor,0.5,fifth,ok,39.49,22.687,13.781,2.726,0.007,0.197
giantsteps-mtg-key,50823.LOFI.wav,b minor	2,b minor,1.0,correct,ok,40.83,25.015,13.099,2.425,0.008,0.192
giantsteps-mtg-key,508703.LOFI.wav,e major	2,f# minor,0.0,wrong,ok,39.93,24.267,12.75,2.603,0.01,0.197
giantsteps-mtg-key,5092947.LOFI.wav,e minor	2,e minor,1.0,correct,ok,39.35,22.999,13.132,2.906,0.009,0.22
giantsteps-mtg-key,5095717.LOFI.wav,f# major	2,bb minor,0.0,wrong,ok,39.33,23.042,13.326,2.604,0.013,0.24
giantsteps-mtg-key,5106232.LOFI.wav,"f# minor	2	from 1:25, key becomes something between g minor and g major",f# minor,1.0,correct,ok,38.52,23.106,12.642,2.468,0.009,0.202
giantsteps-mtg-key,5120148.LOFI.wav,c minor	2,c minor,1.0,correct,ok,39.61,22.919,13.661,2.727,0.009,0.197
giantsteps-mtg-key,5123514.LOFI.wav,a# major	2,c minor,0.0,wrong,ok,39.74,23.032,12.979,3.44,0.007,0.192
giantsteps-mtg-key,5124850.LOFI.wav,g# minor	2,ab minor,1.0,correct,ok,39.28,23.202,12.621,3.11,0.013,0.223
giantsteps-mtg-key,512956.LOFI.wav,d minor	2,d minor,1.0,correct,ok,38.92,23.233,12.833,2.51,0.009,0.232
giantsteps-mtg-key,5133242.LOFI.wav,g minor	2,g minor,1.0,correct,ok,38.87,22.639,13.034,2.818,0.01,0.253
giantsteps-mtg-key,5135485.LOFI.wav,f# minor	2,f# minor,1.0,correct,ok,39.75,23.569,13.099,2.799,0.009,0.187
giantsteps-mtg-key,5138597.LOFI.wav,g minor	2,c minor,0.5,fifth,ok,39.28,23.671,12.361,2.885,0.013,0.238
giantsteps-mtg-key,5144599.LOFI.wav,d# major	2,Bb major,0.5,fifth,ok,39.19,23.761,12.738,2.386,0.01,0.201
giantsteps-mtg-key,5148970.LOFI.wav,g# major	2	mode is not totally clear,Ab major,1.0,correct,ok,38.88,22.512,12.734,3.299,0.008,0.223
giantsteps-mtg-key,5152629.LOFI.wav,e minor	2,e minor,1.0,correct,ok,38.65,22.514,13.111,2.716,0.01,0.198
giantsteps-mtg-key,5157102.LOFI.wav,"f# minor	2	in some fragments inside the track, key is a major",f# minor,1.0,correct,ok,39.64,23.374,13.071,2.883,0.008,0.214
giantsteps-mtg-key,5159908.LOFI.wav,c# minor	2,c# minor,1.0,correct,ok,39.36,23.358,12.699,2.997,0.01,0.201
giantsteps-mtg-key,5186642.LOFI.wav,c minor	2,c minor,1.0,correct,ok,39.21,22.901,13.06,2.963,0.008,0.191
giantsteps-mtg-key,5187049.LOFI.wav,a# minor	2,bb minor,1.0,correct,ok,39.35,23.108,13.286,2.631,0.008,0.225
giantsteps-mtg-key,5192554.LOFI.wav,e minor	2,g minor,0.0,wrong,ok,40.06,23.824,12.643,3.297,0.008,0.197
giantsteps-mtg-key,51936.LOFI.wav,c minor	2,c minor,1.0,correct,ok,39.49,23.53,13.074,2.562,0.01,0.22
giantsteps-mtg-key,5207006.LOFI.wav,a minor	2,a minor,1.0,correct,ok,39.24,22.582,12.903,3.457,0.008,0.202
giantsteps-mtg-key,5211090.LOFI.wav,f minor	2,f minor,1.0,correct,ok,39.17,22.786,13.495,2.594,0.007,0.209
giantsteps-mtg-key,5215470.LOFI.wav,g# minor	2,ab minor,1.0,correct,ok,39.94,23.605,13.295,2.744,0.008,0.191
giantsteps-mtg-key,521598.LOFI.wav,c# minor	2,c# minor,1.0,correct,ok,39.92,23.957,12.906,2.681,0.013,0.255
giantsteps-mtg-key,522851.LOFI.wav,g# minor	2,f# minor,0.0,wrong,ok,39.77,23.601,12.515,3.375,0.008,0.194
giantsteps-mtg-key,5234073.LOFI.wav,c# minor	2,f# minor,0.5,fifth,ok,39.0,22.947,12.835,2.942,0.008,0.185
giantsteps-mtg-key,5234318.LOFI.wav,g major	2,G major,1.0,correct,ok,40.0,23.826,13.245,2.623,0.009,0.203
giantsteps-mtg-key,5245862.LOFI.wav,d# minor	2,Db major,0.0,wrong,ok,39.63,23.897,12.896,2.511,0.011,0.222
giantsteps-mtg-key,5263861.LOFI.wav,c# minor	2,c# minor,1.0,correct,ok,39.89,23.538,12.755,3.314,0.007,0.185
giantsteps-mtg-key,5272649.LOFI.wav,b minor	2,f# minor,0.5,fifth,ok,39.85,23.162,13.381,2.999,0.01,0.217
giantsteps-mtg-key,5279212.LOFI.wav,f# minor	2,f# minor,1.0,correct,ok,38.72,22.994,12.945,2.443,0.009,0.229
giantsteps-mtg-key,528454.LOFI.wav,e major	2,ab minor,0.0,wrong,ok,40.64,24.531,12.936,2.875,0.009,0.189
giantsteps-mtg-key,5287841.LOFI.wav,a# major	2,bb minor,0.2,parallel,ok,39.54,23.522,12.655,3.064,0.009,0.203
giantsteps-mtg-key,5296203.LOFI.wav,g# minor	2,ab minor,1.0,correct,ok,39.27,23.171,13.072,2.733,0.011,0.199
giantsteps-mtg-key,5299867.LOFI.wav,b major	2,b minor,0.2,parallel,ok,39.63,23.182,13.106,3.046,0.008,0.197
giantsteps-mtg-key,5309154.LOFI.wav,f minor	2,bb minor,0.5,fifth,ok,37.94,22.648,12.59,2.424,0.007,0.186
giantsteps-mtg-key,5315479.LOFI.wav,e minor	2,e minor,1.0,correct,ok,43.05,25.371,14.239,3.097,0.009,0.22
giantsteps-mtg-key,5324261.LOFI.wav,g minor	2,g minor,1.0,correct,ok,40.34,22.784,14.203,2.996,0.01,0.239
giantsteps-mtg-key,5329278.LOFI.wav,f minor	2,f minor,1.0,correct,ok,39.32,23.185,13.269,2.554,0.007,0.219
giantsteps-mtg-key,5338500.LOFI.wav,c# minor	2,c# minor,1.0,correct,ok,36.25,21.368,11.626,2.994,0.007,0.184
giantsteps-mtg-key,533963.LOFI.wav,g minor	2,g minor,1.0,correct,ok,38.56,22.938,12.671,2.62,0.015,0.231
giantsteps-mtg-key,5344837.LOFI.wav,c# minor	2,c# minor,1.0,correct,ok,40.33,22.944,13.77,3.301,0.008,0.212
giantsteps-mtg-key,5351971.LOFI.wav,g minor	2,g minor,1.0,correct,ok,40.12,23.582,13.175,3.091,0.007,0.181
giantsteps-mtg-key,5359592.LOFI.wav,a# major	2,g minor,0.3,relative,ok,43.36,27.482,13.054,2.553,0.007,0.186
giantsteps-mtg-key,536497.LOFI.wav,d minor	2,d minor,1.0,correct,ok,39.22,22.859,13.313,2.77,0.007,0.185
giantsteps-mtg-key,5371595.LOFI.wav,f# minor	2,f# minor,1.0,correct,ok,39.84,22.815,13.537,3.133,0.012,0.199
giantsteps-mtg-key,5380961.LOFI.wav,c minor	2,c minor,1.0,correct,ok,39.73,23.285,13.23,2.896,0.009,0.207
giantsteps-mtg-key,5393783.LOFI.wav,g# minor	2,ab minor,1.0,correct,ok,39.84,24.028,12.692,2.845,0.007,0.187
giantsteps-mtg-key,5403134.LOFI.wav,f minor	2	confusion with g# major is possible,f minor,1.0,correct,ok,38.31,22.545,12.547,2.929,0.007,0.184
giantsteps-mtg-key,5404020.LOFI.wav,f minor	2,f minor,1.0,correct,ok,39.44,22.822,13.721,2.596,0.008,0.203
giantsteps-mtg-key,5404068.LOFI.wav,a# minor	2,f minor,0.5,fifth,ok,40.49,24.13,13.208,2.84,0.012,0.205
giantsteps-mtg-key,5411517.LOFI.wav,e minor	2,e minor,1.0,correct,ok,41.07,24.711,13.114,2.888,0.009,0.257
giantsteps-mtg-key,5415462.LOFI.wav,f minor	2,g minor,0.0,wrong,ok,39.38,22.593,13.049,3.371,0.007,0.249
giantsteps-mtg-key,5419394.LOFI.wav,f minor	2	locrian mode,ab minor,0.0,wrong,ok,39.28,22.861,13.26,2.874,0.007,0.191
giantsteps-mtg-key,5420676.LOFI.wav,g# major	2,bb minor,0.0,wrong,ok,39.07,23.045,13.014,2.668,0.014,0.232
giantsteps-mtg-key,542315.LOFI.wav,b minor	2,b minor,1.0,correct,ok,38.97,23.641,12.624,2.373,0.009,0.226
giantsteps-mtg-key,5427061.LOFI.wav,a major	2,f# minor,0.3,relative,ok,39.87,23.966,12.621,2.989,0.008,0.196
giantsteps-mtg-key,542876.LOFI.wav,e minor	2,f# minor,0.0,wrong,ok,39.55,23.367,12.859,2.988,0.012,0.218
giantsteps-mtg-key,5428785.LOFI.wav,c minor	2,c minor,1.0,correct,ok,40.3,23.934,12.849,3.199,0.009,0.203
giantsteps-mtg-key,5429242.LOFI.wav,c# minor	2,c# minor,1.0,correct,ok,40.08,23.932,13.016,2.78,0.015,0.221
giantsteps-mtg-key,5441797.LOFI.wav,f minor	2,f minor,1.0,correct,ok,39.75,22.753,13.334,3.359,0.007,0.206
giantsteps-mtg-key,5443161.LOFI.wav,f minor	2,f minor,1.0,correct,ok,39.7,23.004,13.874,2.545,0.008,0.185
giantsteps-mtg-key,5456553.LOFI.wav,c minor	2,c minor,1.0,correct,ok,39.88,23.737,13.448,2.41,0.008,0.199
giantsteps-mtg-key,5458695.LOFI.wav,f minor	2,f minor,1.0,correct,ok,42.76,25.775,13.869,2.81,0.007,0.208
giantsteps-mtg-key,5466977.LOFI.wav,e minor	2,e minor,1.0,correct,ok,40.33,22.839,13.083,4.082,0.007,0.223
giantsteps-mtg-key,5467340.LOFI.wav,d# minor	2,bb minor,0.5,fifth,ok,42.13,23.881,14.196,3.72,0.008,0.232
giantsteps-mtg-key,5478004.LOFI.wav,a# minor	2,bb minor,1.0,correct,ok,39.6,23.683,13.143,2.49,0.008,0.188
giantsteps-mtg-key,5492171.LOFI.wav,f minor	2,f minor,1.0,correct,ok,39.87,23.402,13.035,3.102,0.01,0.211
giantsteps-mtg-key,5492384.LOFI.wav,b major	2,c# minor,0.0,wrong,ok,40.87,24.387,13.55,2.638,0.007,0.193
giantsteps-mtg-key,5495991.LOFI.wav,d# minor	2,eb minor,1.0,correct,ok,40.04,22.834,14.341,2.602,0.007,0.178
giantsteps-mtg-key,5497219.LOFI.wav,d# minor	2,d minor,0.0,wrong,ok,39.65,23.01,13.546,2.783,0.009,0.205
giantsteps-mtg-key,5498352.LOFI.wav,f minor	2,c minor,0.5,fifth,ok,39.29,22.552,13.152,3.231,0.016,0.226
giantsteps-mtg-key,5545112.LOFI.wav,c major	2,c minor,0.2,parallel,ok,40.35,24.168,12.96,2.873,0.016,0.225
giantsteps-mtg-key,5547982.LOFI.wav,d# major	2,c minor,0.3,relative,ok,39.09,22.844,12.991,2.974,0.007,0.194
giantsteps-mtg-key,5558264.LOFI.wav,c minor	2,c minor,1.0,correct,ok,39.51,23.41,13.291,2.502,0.008,0.215
giantsteps-mtg-key,5568606.LOFI.wav,c# minor	2,f# minor,0.5,fifth,ok,39.06,22.557,12.56,3.581,0.012,0.239
giantsteps-mtg-key,5575647.LOFI.wav,a# minor	2,a minor,0.0,wrong,ok,38.92,22.952,12.924,2.761,0.007,0.19
giantsteps-mtg-key,558054.LOFI.wav,f# minor	2,f# minor,1.0,correct,ok,39.59,23.289,13.021,2.963,0.009,0.211
giantsteps-mtg-key,5580807.LOFI.wav,g minor	2,g minor,1.0,correct,ok,39.38,23.609,12.511,2.648,0.01,0.505
giantsteps-mtg-key,5594806.LOFI.wav,a# major	2,d minor,0.0,wrong,ok,38.15,22.509,12.823,2.493,0.012,0.21
giantsteps-mtg-key,561086.LOFI.wav,b major	2,c# minor,0.0,wrong,ok,38.87,23.016,12.849,2.721,0.009,0.182
giantsteps-mtg-key,5611816.LOFI.wav,d# major	2	confusion with c minor is possible,c minor,0.3,relative,ok,39.74,23.398,13.456,2.605,0.007,0.186
giantsteps-mtg-key,5612854.LOFI.wav,c# minor	2,c# minor,1.0,correct,ok,39.99,24.087,12.722,2.888,0.008,0.192
giantsteps-mtg-key,5618695.LOFI.wav,c minor	2,c minor,1.0,correct,ok,38.18,22.684,12.817,2.409,0.007,0.178
giantsteps-mtg-key,5630800.LOFI.wav,b minor	2,b minor,1.0,correct,ok,40.13,22.993,12.997,3.842,0.007,0.196
giantsteps-mtg-key,563669.LOFI.wav,e minor	2,e minor,1.0,correct,ok,39.01,22.606,13.315,2.779,0.007,0.203
giantsteps-mtg-key,5653983.LOFI.wav,d major	2,d minor,0.2,parallel,ok,39.8,23.483,13.272,2.757,0.007,0.19
giantsteps-mtg-key,5654170.LOFI.wav,f# minor	2,g minor,0.0,wrong,ok,40.17,24.117,12.776,2.979,0.008,0.197
giantsteps-mtg-key,5672671.LOFI.wav,b minor	2,c minor,0.0,wrong,ok,38.81,22.643,12.834,3.04,0.006,0.207
giantsteps-mtg-key,5687266.LOFI.wav,c# minor	2,c# minor,1.0,correct,ok,39.88,22.935,13.847,2.805,0.008,0.192
giantsteps-mtg-key,5697805.LOFI.wav,a major	2,A major,1.0,correct,ok,38.79,23.125,12.304,3.069,0.008,0.187
giantsteps-mtg-key,5728532.LOFI.wav,e minor	2	duplicated,f# minor,0.0,wrong,ok,40.73,24.448,13.126,2.82,0.012,0.213
giantsteps-mtg-key,5734184.LOFI.wav,c minor	2,c minor,1.0,correct,ok,40.29,23.225,14.232,2.538,0.008,0.18
giantsteps-mtg-key,5736132.LOFI.wav,e major	2,c# minor,0.3,relative,ok,39.68,23.076,13.466,2.831,0.008,0.203
giantsteps-mtg-key,5739130.LOFI.wav,b minor	2,b minor,1.0,correct,ok,40.04,24.097,12.904,2.686,0.012,0.239
giantsteps-mtg-key,574098.LOFI.wav,a# minor	2,bb minor,1.0,correct,ok,38.94,23.248,12.775,2.58,0.011,0.227
giantsteps-mtg-key,5742777.LOFI.wav,g# minor	2,ab minor,1.0,correct,ok,39.45,23.397,12.603,3.008,0.009,0.339
giantsteps-mtg-key,575766.LOFI.wav,a minor	2,a minor,1.0,correct,ok,39.43,22.834,12.705,3.575,0.008,0.209
giantsteps-mtg-key,5769455.LOFI.wav,g# major	2,Ab major,1.0,correct,ok,39.78,23.617,13.037,2.832,0.009,0.197
giantsteps-mtg-key,5795173.LOFI.wav,f minor	2,f minor,1.0,correct,ok,39.26,23.54,13.001,2.427,0.007,0.194
giantsteps-mtg-key,580557.LOFI.wav,d# major	2,eb minor,0.2,parallel,ok,39.41,22.828,13.284,2.96,0.007,0.213
giantsteps-mtg-key,5813087.LOFI.wav,e minor	2,e minor,1.0,correct,ok,39.5,22.616,13.827,2.753,0.009,0.21
giantsteps-mtg-key,58167.LOFI.wav,d# minor	2,eb minor,1.0,correct,ok,39.51,23.303,13.126,2.793,0.008,0.191
giantsteps-mtg-key,5821511.LOFI.wav,b minor	2,b minor,1.0,correct,ok,39.47,23.655,12.84,2.661,0.01,0.222
giantsteps-mtg-key,58226.LOFI.wav,c# major	2,f minor,0.0,wrong,ok,39.99,23.505,12.624,3.497,0.01,0.199
giantsteps-mtg-key,5831818.LOFI.wav,g# major	2,c minor,0.0,wrong,ok,40.45,23.248,14.459,2.451,0.009,0.203
giantsteps-mtg-key,585098.LOFI.wav,b minor	2,f# minor,0.5,fifth,ok,39.5,23.473,12.684,3.043,0.009,0.206
giantsteps-mtg-key,5855468.LOFI.wav,d# minor	2,c minor,0.0,wrong,ok,39.01,23.381,12.719,2.574,0.011,0.228
giantsteps-mtg-key,58581.LOFI.wav,c# major	2,c# minor,0.2,parallel,ok,39.26,22.643,13.4,2.936,0.007,0.186
giantsteps-mtg-key,5866030.LOFI.wav,c# minor	2,c# minor,1.0,correct,ok,39.78,23.337,13.559,2.565,0.012,0.208
giantsteps-mtg-key,5874377.LOFI.wav,f# minor	2,f# minor,1.0,correct,ok,39.26,23.276,12.076,3.508,0.017,0.259
giantsteps-mtg-key,5876668.LOFI.wav,c minor	2,c minor,1.0,correct,ok,39.91,24.405,12.809,2.414,0.007,0.189
giantsteps-mtg-key,5881.LOFI.wav,a major	2,a minor,0.2,parallel,ok,39.54,22.649,13.602,2.988,0.008,0.193
giantsteps-mtg-key,5886473.LOFI.wav,"a# major	2	mixolydian mode is present in harmony, and arabic mode is present in melody",f minor,0.0,wrong,ok,39.34,23.088,13.438,2.51,0.01,0.214
giantsteps-mtg-key,588879.LOFI.wav,f minor	2,f minor,1.0,correct,ok,39.46,23.434,12.703,2.958,0.018,0.242
giantsteps-mtg-key,5888808.LOFI.wav,a# minor	2,eb minor,0.5,fifth,ok,39.5,23.498,13.078,2.572,0.022,0.224
giantsteps-mtg-key,5925664.LOFI.wav,c minor	2,c minor,1.0,correct,ok,39.44,22.869,13.208,3.073,0.007,0.19
giantsteps-mtg-key,5948622.LOFI.wav,d minor	2,d minor,1.0,correct,ok,38.89,23.086,12.671,2.716,0.011,0.194
giantsteps-mtg-key,5955816.LOFI.wav,f minor	2,f minor,1.0,correct,ok,39.01,22.617,12.842,3.246,0.008,0.198
giantsteps-mtg-key,5956160.LOFI.wav,c minor	2,f minor,0.5,fifth,ok,39.29,23.107,12.896,2.978,0.007,0.205
giantsteps-mtg-key,5971086.LOFI.wav,d# major	2,eb minor,0.2,parallel,ok,39.87,23.892,12.977,2.702,0.008,0.195
giantsteps-mtg-key,5980991.LOFI.wav,d minor	2,d minor,1.0,correct,ok,38.96,22.815,13.041,2.802,0.007,0.201
giantsteps-mtg-key,5986917.LOFI.wav,g# major	2,ab minor,0.2,parallel,ok,39.78,23.188,12.816,3.471,0.009,0.2
giantsteps-mtg-key,598701.LOFI.wav,b minor	2,D major,0.3,relative,ok,38.98,23.286,13.004,2.374,0.01,0.215
giantsteps-mtg-key,5996975.LOFI.wav,g minor	2,g minor,1.0,correct,ok,38.38,22.554,12.376,3.173,0.007,0.178
giantsteps-mtg-key,5998113.LOFI.wav,f# minor	2,f# minor,1.0,correct,ok,39.47,22.745,13.628,2.787,0.008,0.208
giantsteps-mtg-key,6003575.LOFI.wav,g major	2,G major,1.0,correct,ok,40.34,23.843,13.463,2.752,0.009,0.188
giantsteps-mtg-key,6011574.LOFI.wav,g minor	2,g minor,1.0,correct,ok,39.97,24.155,12.893,2.532,0.012,0.271
giantsteps-mtg-key,601207.LOFI.wav,d major	2,d minor,0.2,parallel,ok,39.83,23.517,12.673,3.345,0.008,0.191
giantsteps-mtg-key,6027087.LOFI.wav,f# major	2,eb minor,0.3,relative,ok,39.74,22.979,13.119,3.318,0.011,0.215
giantsteps-mtg-key,603802.LOFI.wav,a minor	2,a minor,1.0,correct,ok,40.57,23.822,12.903,3.535,0.011,0.201
giantsteps-mtg-key,6039665.LOFI.wav,f# major	2,c# minor,0.0,wrong,ok,40.15,24.307,12.967,2.462,0.014,0.277
giantsteps-mtg-key,6042784.LOFI.wav,f minor	2,f minor,1.0,correct,ok,40.14,23.441,13.02,3.383,0.009,0.194
giantsteps-mtg-key,6051774.LOFI.wav,f minor	2,f minor,1.0,correct,ok,39.35,22.831,13.272,2.937,0.009,0.22
giantsteps-mtg-key,605407.LOFI.wav,d major	2,d minor,0.2,parallel,ok,39.73,23.151,13.441,2.853,0.008,0.196
giantsteps-mtg-key,6062914.LOFI.wav,c# minor	2,a minor,0.0,wrong,ok,40.28,24.5,13.058,2.352,0.01,0.257
giantsteps-mtg-key,6065388.LOFI.wav,g# major	2,Ab major,1.0,correct,ok,41.02,24.488,12.948,3.26,0.008,0.241
giantsteps-mtg-key,60661.LOFI.wav,c# major	2,c# minor,0.2,parallel,ok,39.67,23.107,13.316,2.98,0.011,0.176
giantsteps-mtg-key,6067929.LOFI.wav,d minor	2,d minor,1.0,correct,ok,39.91,23.564,13.294,2.749,0.009,0.205
giantsteps-mtg-key,608572.LOFI.wav,d major	2,d minor,0.2,parallel,ok,39.88,23.857,12.865,2.816,0.012,0.221
giantsteps-mtg-key,6086331.LOFI.wav,g# major	2,Ab major,1.0,correct,ok,39.42,23.062,12.744,3.241,0.008,0.282
giantsteps-mtg-key,608703.LOFI.wav,d minor	2,g minor,0.5,fifth,ok,40.05,23.431,13.315,2.969,0.014,0.231
giantsteps-mtg-key,6087559.LOFI.wav,a# major	2,bb minor,0.2,parallel,ok,39.12,23.156,12.873,2.729,0.014,0.244
giantsteps-mtg-key,6105589.LOFI.wav,c# major 	2,f minor,0.0,wrong,ok,40.01,23.903,13.047,2.69,0.024,0.237
giantsteps-mtg-key,6107169.LOFI.wav,b minor	2,b minor,1.0,correct,ok,39.4,23.521,12.434,3.131,0.011,0.212
giantsteps-mtg-key,611801.LOFI.wav,a minor	2,a minor,1.0,correct,ok,39.88,23.645,13.303,2.621,0.009,0.212
giantsteps-mtg-key,611928.LOFI.wav,e minor	2,e minor,1.0,correct,ok,39.81,23.427,13.234,2.852,0.008,0.2
giantsteps-mtg-key,6131590.LOFI.wav,f minor	2	frygian mode,f minor,1.0,correct,ok,38.82,22.998,12.892,2.587,0.01,0.22
giantsteps-mtg-key,6144221.LOFI.wav,e minor	2,e minor,1.0,correct,ok,39.28,23.204,12.542,3.236,0.008,0.185
giantsteps-mtg-key,6147973.LOFI.wav,a# major	2,c minor,0.0,wrong,ok,40.03,22.988,12.989,3.726,0.01,0.208
giantsteps-mtg-key,6150686.LOFI.wav,d major	2,d minor,0.2,parallel,ok,40.15,22.925,13.447,3.422,0.013,0.219
giantsteps-mtg-key,6160319.LOFI.wav,a# major	2,c minor,0.0,wrong,ok,40.36,24.001,13.367,2.623,0.014,0.235
giantsteps-mtg-key,616128.LOFI.wav,d minor	2,d minor,1.0,correct,ok,40.42,24.003,12.833,3.186,0.007,0.178
giantsteps-mtg-key,616415.LOFI.wav,d# major	2,c minor,0.3,relative,ok,39.45,22.969,13.441,2.72,0.01,0.22
giantsteps-mtg-key,6165907.LOFI.wav,f# major	2,eb minor,0.3,relative,ok,39.86,23.272,13.506,2.757,0.009,0.217
giantsteps-mtg-key,6168356.LOFI.wav,b minor	2,b minor,1.0,correct,ok,39.86,23.377,13.333,2.808,0.017,0.204
giantsteps-mtg-key,617609.LOFI.wav,c# major	2,eb minor,0.0,wrong,ok,40.1,23.285,12.722,3.777,0.013,0.196
giantsteps-mtg-key,61846.LOFI.wav,d# minor	2,Eb major,0.2,parallel,ok,39.82,23.49,13.263,2.777,0.007,0.199
giantsteps-mtg-key,6199830.LOFI.wav,d# minor	2,c minor,0.0,wrong,ok,39.13,22.963,13.121,2.689,0.012,0.235
giantsteps-mtg-key,6218674.LOFI.wav,f minor	2,f minor,1.0,correct,ok,39.7,23.527,12.835,2.939,0.012,0.261
giantsteps-mtg-key,6220367.LOFI.wav,d major	2,d minor,0.2,parallel,ok,39.18,22.899,12.964,2.997,0.01,0.228
giantsteps-mtg-key,6220395.LOFI.wav,a# major	2,g minor,0.3,relative,ok,39.44,23.21,13.292,2.616,0.009,0.21
giantsteps-mtg-key,6221323.LOFI.wav,f# major	2,eb minor,0.3,relative,ok,39.68,23.271,13.031,3.026,0.014,0.23
giantsteps-mtg-key,6222804.LOFI.wav,e minor	2,e minor,1.0,correct,ok,39.46,23.401,12.876,2.874,0.008,0.216
giantsteps-mtg-key,6227783.LOFI.wav,g# major	2,f minor,0.3,relative,ok,39.24,22.728,12.888,3.318,0.007,0.207
giantsteps-mtg-key,6230588.LOFI.wav,c minor	2,c minor,1.0,correct,ok,41.65,23.418,15.439,2.502,0.008,0.199
giantsteps-mtg-key,6243629.LOFI.wav,f minor	2,d minor,0.0,wrong,ok,39.3,23.384,12.56,3.06,0.008,0.196
giantsteps-mtg-key,6247002.LOFI.wav,g# minor	2,ab minor,1.0,correct,ok,38.46,22.837,12.849,2.469,0.008,0.199
giantsteps-mtg-key,6275472.LOFI.wav,f minor	2,c# minor,0.0,wrong,ok,40.3,23.468,13.605,2.961,0.006,0.176
giantsteps-mtg-key,6275984.LOFI.wav,e minor	2,g minor,0.0,wrong,ok,39.38,23.229,12.802,3.049,0.008,0.2
giantsteps-mtg-key,6276803.LOFI.wav,f minor	2,f minor,1.0,correct,ok,41.03,24.87,12.405,3.443,0.009,0.208
giantsteps-mtg-key,6282277.LOFI.wav,f minor	2,f minor,1.0,correct,ok,39.63,23.96,12.925,2.433,0.008,0.219
giantsteps-mtg-key,6282761.LOFI.wav,f# major	2,eb minor,0.3,relative,ok,39.31,22.316,13.323,3.34,0.01,0.216
giantsteps-mtg-key,628368.LOFI.wav,d major	2,d minor,0.2,parallel,ok,39.97,23.232,13.719,2.748,0.007,0.184
giantsteps-mtg-key,6283681.LOFI.wav,c# minor	2,c# minor,1.0,correct,ok,39.38,23.549,12.722,2.814,0.009,0.197
giantsteps-mtg-key,628617.LOFI.wav,c# minor	2,c# minor,1.0,correct,ok,40.96,25.053,13.138,2.418,0.011,0.228
giantsteps-mtg-key,6289424.LOFI.wav,b minor	2,f minor,0.0,wrong,ok,40.96,24.563,12.418,3.664,0.008,0.21
giantsteps-mtg-key,6290068.LOFI.wav,f# minor	2,f# minor,1.0,correct,ok,39.05,22.807,13.212,2.737,0.007,0.197
giantsteps-mtg-key,6294281.LOFI.wav,f# minor	2,a minor,0.0,wrong,ok,39.29,23.285,12.902,2.795,0.009,0.193
giantsteps-mtg-key,63014.LOFI.wav,g# major	2,ab minor,0.2,parallel,ok,39.64,23.686,12.534,3.096,0.01,0.219
giantsteps-mtg-key,6308736.LOFI.wav,c# minor	2,f# minor,0.5,fifth,ok,39.1,23.21,12.724,2.886,0.007,0.187
giantsteps-mtg-key,6313807.LOFI.wav,g minor	2,c minor,0.5,fifth,ok,40.29,23.308,14.083,2.621,0.008,0.187
giantsteps-mtg-key,6316062.LOFI.wav,e minor	2,e minor,1.0,correct,ok,40.18,23.434,13.34,3.049,0.012,0.238
giantsteps-mtg-key,6317186.LOFI.wav,c# minor	2,c# minor,1.0,correct,ok,40.4,23.248,13.914,2.947,0.007,0.19
giantsteps-mtg-key,6320574.LOFI.wav,f minor	2,f minor,1.0,correct,ok,39.69,22.667,13.378,3.352,0.008,0.2
giantsteps-mtg-key,6327674.LOFI.wav,a# minor	2,bb minor,1.0,correct,ok,40.26,22.971,14.29,2.69,0.009,0.205
giantsteps-mtg-key,6332784.LOFI.wav,a# minor	2,bb minor,1.0,correct,ok,40.58,24.43,13.048,2.814,0.008,0.198
giantsteps-mtg-key,633283.LOFI.wav,e minor	2,e minor,1.0,correct,ok,40.64,24.14,13.104,2.993,0.012,0.288
giantsteps-mtg-key,6346876.LOFI.wav,g# minor	2,ab minor,1.0,correct,ok,40.63,23.99,13.176,3.161,0.007,0.211
giantsteps-mtg-key,635716.LOFI.wav,a minor	2,a minor,1.0,correct,ok,39.66,22.902,13.344,3.099,0.009,0.214
giantsteps-mtg-key,6359688.LOFI.wav,c minor	2,c minor,1.0,correct,ok,38.51,23.033,12.513,2.538,0.01,0.304
giantsteps-mtg-key,63618.LOFI.wav,g# major	2,Ab major,1.0,correct,ok,39.62,23.708,12.797,2.712,0.012,0.287
giantsteps-mtg-key,6379893.LOFI.wav,"a# major	2	arriving to the end, d minor appears in the background",bb minor,0.2,parallel,ok,40.44,23.457,13.996,2.682,0.009,0.214
giantsteps-mtg-key,638337.LOFI.wav,d minor	2,d minor,1.0,correct,ok,40.09,23.0,14.143,2.685,0.007,0.18
giantsteps-mtg-key,638879.LOFI.wav,a minor	2,e minor,0.5,fifth,ok,40.62,24.464,12.911,2.955,0.008,0.197
giantsteps-mtg-key,6390202.LOFI.wav,g# minor	2	key tone pitch is between g# and a,c# minor,0.5,fifth,ok,38.91,23.032,12.897,2.646,0.009,0.223
giantsteps-mtg-key,6394765.LOFI.wav,a minor	2,a minor,1.0,correct,ok,39.54,23.157,12.573,3.517,0.006,0.202
giantsteps-mtg-key,6420899.LOFI.wav,e minor	2,e minor,1.0,correct,ok,39.44,23.319,13.113,2.713,0.007,0.192
giantsteps-mtg-key,643172.LOFI.wav,g minor	2,g minor,1.0,correct,ok,39.36,23.025,13.151,2.871,0.009,0.212
giantsteps-mtg-key,6435742.LOFI.wav,d minor	2,d minor,1.0,correct,ok,39.72,23.537,12.689,3.156,0.009,0.22
giantsteps-mtg-key,6439567.LOFI.wav,d minor	2,d minor,1.0,correct,ok,39.09,22.879,13.081,2.858,0.006,0.181
giantsteps-mtg-key,645959.LOFI.wav,d minor	2,d minor,1.0,correct,ok,39.55,23.3,13.4,2.545,0.007,0.206
giantsteps-mtg-key,6461913.LOFI.wav,c# minor	2,c# minor,1.0,correct,ok,39.33,22.914,12.209,3.855,0.019,0.22
giantsteps-mtg-key,6462754.LOFI.wav,g minor	2,bb minor,0.0,wrong,ok,38.99,23.208,12.943,2.512,0.009,0.235
giantsteps-mtg-key,6469727.LOFI.wav,e minor	2,e minor,1.0,correct,ok,39.31,23.117,12.975,2.933,0.007,0.183
giantsteps-mtg-key,6476511.LOFI.wav,f minor	2,c minor,0.5,fifth,ok,39.47,23.37,13.253,2.527,0.01,0.216
giantsteps-mtg-key,6487073.LOFI.wav,f# minor	2,d minor,0.0,wrong,ok,38.82,23.035,12.713,2.734,0.013,0.224
giantsteps-mtg-key,650341.LOFI.wav,d minor	2,d minor,1.0,correct,ok,39.47,23.577,13.015,2.513,0.017,0.229
giantsteps-mtg-key,650371.LOFI.wav,a minor	2,a minor,1.0,correct,ok,39.37,22.923,13.075,3.083,0.01,0.193
giantsteps-mtg-key,650505.LOFI.wav,a minor	2,a minor,1.0,correct,ok,39.7,23.276,12.764,3.321,0.009,0.211
giantsteps-mtg-key,6529435.LOFI.wav,c minor	2,bb minor,0.0,wrong,ok,39.3,23.283,12.55,3.179,0.008,0.195
giantsteps-mtg-key,6535130.LOFI.wav,e minor	2,e minor,1.0,correct,ok,38.57,22.753,12.966,2.557,0.007,0.204
giantsteps-mtg-key,6537998.LOFI.wav,e major	2,e minor,0.2,parallel,ok,38.97,22.414,13.38,2.875,0.009,0.195
giantsteps-mtg-key,6563157.LOFI.wav,b minor	2,e minor,0.5,fifth,ok,38.79,23.043,13.143,2.324,0.008,0.194
giantsteps-mtg-key,656533.LOFI.wav,e minor	2,e minor,1.0,correct,ok,39.07,22.852,12.696,3.154,0.011,0.242
giantsteps-mtg-key,657010.LOFI.wav,d minor	2,d minor,1.0,correct,ok,39.21,23.518,12.989,2.381,0.01,0.213
giantsteps-mtg-key,6574410.LOFI.wav,a major	2,f# minor,0.3,relative,ok,39.55,23.358,12.888,2.784,0.006,0.426
giantsteps-mtg-key,65778.LOFI.wav,f minor	2,f minor,1.0,correct,ok,38.55,22.57,13.188,2.489,0.01,0.201
giantsteps-mtg-key,66070.LOFI.wav,d minor	2,d minor,1.0,correct,ok,39.16,22.693,13.211,2.972,0.009,0.191
giantsteps-mtg-key,673637.LOFI.wav,a# minor	2,Db major,0.3,relative,ok,38.12,23.029,12.525,2.279,0.008,0.184
giantsteps-mtg-key,675299.LOFI.wav,e major	2,c# minor,0.3,relative,ok,38.98,23.038,12.777,2.846,0.007,0.235
giantsteps-mtg-key,680345.LOFI.wav,e major	2,e minor,0.2,parallel,ok,39.59,23.281,12.791,3.244,0.007,0.188
giantsteps-mtg-key,681908.LOFI.wav,c# minor	2,c# minor,1.0,correct,ok,38.36,22.554,12.534,2.913,0.012,0.239
giantsteps-mtg-key,682387.LOFI.wav,c# minor	2,f# minor,0.5,fifth,ok,40.06,24.27,12.951,2.557,0.008,0.19
giantsteps-mtg-key,68370.LOFI.wav,d minor	2,d minor,1.0,correct,ok,39.48,22.642,13.897,2.639,0.009,0.206
giantsteps-mtg-key,685481.LOFI.wav,a minor	2,d minor,0.5,fifth,ok,39.08,23.123,13.146,2.518,0.008,0.191
giantsteps-mtg-key,686686.LOFI.wav,d minor	2,d minor,1.0,correct,ok,39.63,23.306,12.799,3.216,0.008,0.205
giantsteps-mtg-key,687183.LOFI.wav,c minor	2,g minor,0.5,fifth,ok,38.74,22.849,13.123,2.387,0.008,0.194
giantsteps-mtg-key,69040.LOFI.wav,c# minor	2,c# minor,1.0,correct,ok,39.56,23.269,12.657,3.301,0.01,0.218
giantsteps-mtg-key,691545.LOFI.wav,c# minor	2,c# minor,1.0,correct,ok,39.31,22.86,13.416,2.736,0.007,0.201
giantsteps-mtg-key,691843.LOFI.wav,c# major	2,c# minor,0.2,parallel,ok,39.74,23.602,12.821,3.004,0.008,0.204
giantsteps-mtg-key,694157.LOFI.wav,d minor	2,d minor,1.0,correct,ok,40.03,24.253,12.703,2.648,0.009,0.238
giantsteps-mtg-key,695589.LOFI.wav,d minor	2,d minor,1.0,correct,ok,38.72,22.693,12.853,2.854,0.006,0.217
giantsteps-mtg-key,696806.LOFI.wav,c# minor	2,c# minor,1.0,correct,ok,39.37,23.047,13.345,2.693,0.012,0.19
giantsteps-mtg-key,697443.LOFI.wav,d# major	2,g minor,0.0,wrong,ok,39.49,23.398,12.533,3.26,0.01,0.195
giantsteps-mtg-key,700076.LOFI.wav,a# minor	2,bb minor,1.0,correct,ok,39.06,23.23,13.109,2.416,0.01,0.196
giantsteps-mtg-key,707425.LOFI.wav,b minor	2,b minor,1.0,correct,ok,38.97,22.511,12.9,3.213,0.007,0.235
giantsteps-mtg-key,707851.LOFI.wav,f# minor	2,f# minor,1.0,correct,ok,39.47,22.84,13.899,2.435,0.007,0.207
giantsteps-mtg-key,712848.LOFI.wav,g minor	2,g minor,1.0,correct,ok,39.54,23.462,12.869,2.905,0.008,0.195
giantsteps-mtg-key,712853.LOFI.wav,a minor	2,a minor,1.0,correct,ok,39.93,24.026,12.982,2.515,0.012,0.283
giantsteps-mtg-key,715745.LOFI.wav,c minor	2,c minor,1.0,correct,ok,39.81,23.29,12.807,3.419,0.006,0.198
giantsteps-mtg-key,718543.LOFI.wav,f# major	2,f# minor,0.2,parallel,ok,39.48,23.107,13.173,2.717,0.011,0.254
giantsteps-mtg-key,7217.LOFI.wav,f minor	2,c minor,0.5,fifth,ok,39.58,23.172,13.103,3.004,0.007,0.197
giantsteps-mtg-key,722892.LOFI.wav,c minor	2,Eb major,0.3,relative,ok,38.86,22.979,12.838,2.752,0.008,0.193
giantsteps-mtg-key,723438.LOFI.wav,d# minor	2,eb minor,1.0,correct,ok,40.26,24.225,13.052,2.67,0.008,0.204
giantsteps-mtg-key,734930.LOFI.wav,a minor	2,a minor,1.0,correct,ok,39.08,23.229,12.8,2.758,0.007,0.189
giantsteps-mtg-key,742215.LOFI.wav,c major	2,c minor,0.2,parallel,ok,38.4,22.789,12.299,2.956,0.013,0.241
giantsteps-mtg-key,74680.LOFI.wav,a minor	2,a minor,1.0,correct,ok,39.59,24.218,12.665,2.4,0.008,0.211
giantsteps-mtg-key,753241.LOFI.wav,d minor	2,d minor,1.0,correct,ok,37.92,22.143,12.674,2.813,0.007,0.196
giantsteps-mtg-key,754389.LOFI.wav,d minor	2,d minor,1.0,correct,ok,39.59,23.464,13.388,2.461,0.009,0.186
giantsteps-mtg-key,755905.LOFI.wav,b minor	2,b minor,1.0,correct,ok,39.75,23.382,13.038,2.984,0.013,0.227
giantsteps-mtg-key,760778.LOFI.wav,c# major	2,c# minor,0.2,parallel,ok,39.5,23.013,13.592,2.529,0.012,0.23
giantsteps-mtg-key,760891.LOFI.wav,d# major	2	possible confusion with c minor,c minor,0.3,relative,ok,39.56,22.692,13.553,3.024,0.008,0.2
giantsteps-mtg-key,76914.LOFI.wav,g minor	2,g minor,1.0,correct,ok,40.53,23.965,13.463,2.806,0.007,0.196
giantsteps-mtg-key,77806.LOFI.wav,f minor	2,f minor,1.0,correct,ok,39.3,23.281,12.302,3.407,0.01,0.213
giantsteps-mtg-key,780216.LOFI.wav,a# minor	2,bb minor,1.0,correct,ok,38.48,22.629,13.118,2.462,0.007,0.188
giantsteps-mtg-key,780236.LOFI.wav,c minor	2,g minor,0.5,fifth,ok,38.71,22.279,13.333,2.8,0.008,0.205
giantsteps-mtg-key,787388.LOFI.wav,f# major	2,f# minor,0.2,parallel,ok,39.95,23.531,13.764,2.331,0.009,0.227
giantsteps-mtg-key,793946.LOFI.wav,d# major	2,eb minor,0.2,parallel,ok,39.71,23.347,12.515,3.386,0.013,0.326
giantsteps-mtg-key,794309.LOFI.wav,d# minor	2,eb minor,1.0,correct,ok,39.79,23.675,13.236,2.502,0.012,0.247
giantsteps-mtg-key,798594.LOFI.wav,f minor	2,d minor,0.0,wrong,ok,39.75,23.028,13.245,3.036,0.007,0.328
giantsteps-mtg-key,805746.LOFI.wav,g minor	2,g minor,1.0,correct,ok,39.25,23.259,13.318,2.37,0.008,0.204
giantsteps-mtg-key,808116.LOFI.wav,c minor	2,bb minor,0.0,wrong,ok,39.27,22.863,12.439,3.624,0.014,0.228
giantsteps-mtg-key,808982.LOFI.wav,g major	2,g minor,0.2,parallel,ok,39.08,23.593,12.743,2.408,0.007,0.241
giantsteps-mtg-key,818686.LOFI.wav,f# minor	2,e minor,0.0,wrong,ok,39.78,23.417,13.476,2.566,0.009,0.224
giantsteps-mtg-key,821091.LOFI.wav,d minor	2,d minor,1.0,correct,ok,39.48,23.634,13.257,2.311,0.008,0.193
giantsteps-mtg-key,823951.LOFI.wav,g major	2,d minor,0.0,wrong,ok,39.47,22.74,12.494,3.827,0.016,0.238
giantsteps-mtg-key,828061.LOFI.wav,f# major	2,c minor,0.0,wrong,ok,39.49,23.669,13.126,2.405,0.008,0.193
giantsteps-mtg-key,830719.LOFI.wav,f# minor	2,f# minor,1.0,correct,ok,39.41,22.992,13.341,2.775,0.007,0.206
giantsteps-mtg-key,836000.LOFI.wav,c# major	2,bb minor,0.3,relative,ok,39.26,23.176,13.509,2.308,0.007,0.189
giantsteps-mtg-key,837795.LOFI.wav,g minor	2,g minor,1.0,correct,ok,38.84,23.214,12.568,2.788,0.009,0.184
giantsteps-mtg-key,84098.LOFI.wav,c minor	2,c minor,1.0,correct,ok,41.38,23.518,14.706,2.836,0.01,0.207
giantsteps-mtg-key,841676.LOFI.wav,a# major	2,g minor,0.3,relative,ok,38.33,22.523,12.699,2.82,0.006,0.2
giantsteps-mtg-key,842552.LOFI.wav,c minor	2,c minor,1.0,correct,ok,38.2,23.052,11.993,2.641,0.007,0.426
giantsteps-mtg-key,84522.LOFI.wav,f minor	2,f minor,1.0,correct,ok,39.05,22.695,13.289,2.778,0.012,0.192
giantsteps-mtg-key,852917.LOFI.wav,c minor	2,c minor,1.0,correct,ok,38.17,22.844,12.481,2.56,0.008,0.191
giantsteps-mtg-key,857189.LOFI.wav,d major	2,d minor,0.2,parallel,ok,41.8,25.29,13.655,2.545,0.011,0.207
giantsteps-mtg-key,861422.LOFI.wav,c minor	2,c minor,1.0,correct,ok,38.97,22.778,12.976,2.926,0.01,0.189
giantsteps-mtg-key,864300.LOFI.wav,b minor	2,b minor,1.0,correct,ok,39.51,23.13,12.884,3.119,0.012,0.242
giantsteps-mtg-key,868240.LOFI.wav,b minor	2,f# minor,0.5,fifth,ok,38.09,22.49,12.864,2.424,0.007,0.225
giantsteps-mtg-key,870280.LOFI.wav,e minor	2,e minor,1.0,correct,ok,39.55,22.945,13.325,2.946,0.008,0.225
giantsteps-mtg-key,871246.LOFI.wav,a minor	2,c# minor,0.0,wrong,ok,39.5,23.091,13.043,3.088,0.006,0.183
giantsteps-mtg-key,889391.LOFI.wav,g minor	2,g minor,1.0,correct,ok,40.59,23.23,13.255,3.799,0.01,0.202
giantsteps-mtg-key,897094.LOFI.wav,d# minor	2,eb minor,1.0,correct,ok,39.52,23.617,13.141,2.425,0.008,0.217
giantsteps-mtg-key,898664.LOFI.wav,b minor	2,b minor,1.0,correct,ok,39.04,22.812,13.275,2.645,0.008,0.198
giantsteps-mtg-key,905046.LOFI.wav,b minor	2,e minor,0.5,fifth,ok,39.47,22.837,13.089,3.254,0.008,0.191
giantsteps-mtg-key,906851.LOFI.wav,d minor	2,d minor,1.0,correct,ok,39.56,23.481,12.842,2.933,0.011,0.209
giantsteps-mtg-key,90839.LOFI.wav,d minor	2,d minor,1.0,correct,ok,39.99,24.369,12.903,2.396,0.012,0.202
giantsteps-mtg-key,908868.LOFI.wav,g# major	2,ab minor,0.2,parallel,ok,38.63,23.063,12.427,2.843,0.007,0.202
giantsteps-mtg-key,909102.LOFI.wav,a# minor	2,bb minor,1.0,correct,ok,39.53,22.925,13.504,2.816,0.008,0.194
giantsteps-mtg-key,920509.LOFI.wav,g# major	2,Ab major,1.0,correct,ok,39.86,23.789,12.924,2.849,0.009,0.201
giantsteps-mtg-key,920615.LOFI.wav,e minor	2,e minor,1.0,correct,ok,39.69,24.125,12.881,2.388,0.009,0.195
giantsteps-mtg-key,923491.LOFI.wav,e minor	2,e minor,1.0,correct,ok,39.4,22.763,12.946,3.377,0.008,0.198
giantsteps-mtg-key,940966.LOFI.wav,c# minor	2,c# minor,1.0,correct,ok,38.95,22.603,13.59,2.449,0.01,0.215
giantsteps-mtg-key,943181.LOFI.wav,g minor	2,d minor,0.5,fifth,ok,40.81,23.983,13.843,2.698,0.008,0.194
giantsteps-mtg-key,944826.LOFI.wav,c# major	2,c# minor,0.2,parallel,ok,41.05,24.738,12.907,3.123,0.008,0.183
giantsteps-mtg-key,950746.LOFI.wav,g major	2,a minor,0.0,wrong,ok,39.96,23.219,12.916,3.519,0.008,0.204
giantsteps-mtg-key,953140.LOFI.wav,e minor	2,e minor,1.0,correct,ok,40.26,23.449,13.526,2.93,0.009,0.244
giantsteps-mtg-key,95799.LOFI.wav,c# minor	2,c# minor,1.0,correct,ok,40.16,23.374,13.751,2.738,0.009,0.201
giantsteps-mtg-key,967034.LOFI.wav,c minor	2,c minor,1.0,correct,ok,39.86,23.954,12.722,2.82,0.013,0.24
giantsteps-mtg-key,987207.LOFI.wav,c# major	2,f minor,0.0,wrong,ok,40.14,23.892,12.694,3.241,0.007,0.207
giantsteps-mtg-key,997069.LOFI.wav,c minor	2,f minor,0.5,fifth,ok,38.2,22.886,12.901,2.156,0.007,0.18
giantsteps-mtg-key,99805.LOFI.wav,g# minor	2,ab minor,1.0,correct,ok,36.15,22.257,11.544,2.044,0.013,0.206
giantsteps-mtg-key,99806.LOFI.wav,g# minor	2,ab minor,1.0,correct,ok,36.43,23.124,11.1,1.974,0.006,0.167
